Time,F_cw,T1,T2,CA1,CA2
2021-01-01 07:08:30+00:00,101.4280519,440.1095946,448.7222475,0.092934456,0.005773739
2021-01-01 07:08:40+00:00,101.4280519,440.1095974,448.7222196,0.092934549,0.005773756
2021-01-01 07:08:50+00:00,101.4280519,440.1096177,448.7222014,0.09293454,0.005773762
2021-01-01 07:09:00+00:00,101.4280519,440.1096494,448.7221906,0.092934452,0.005773769
2021-01-01 07:09:10+00:00,101.4280519,440.1096846,448.7221877,0.092934324,0.005773765
2021-01-01 07:09:20+00:00,101.4280519,440.1097186,448.7221901,0.092934181,0.005773758
2021-01-01 07:09:30+00:00,101.4280519,440.1097482,448.7221958,0.092934041,0.005773748
2021-01-01 07:09:40+00:00,101.4280519,440.1097719,448.7222028,0.09293392,0.005773738
2021-01-01 07:09:50+00:00,101.4280519,440.1097893,448.7222104,0.09293382,0.005773729
2021-01-01 07:10:00+00:00,101.4280519,440.1098002,448.7222176,0.092933746,0.005773721
2021-01-01 07:10:10+00:00,101.4280519,440.1098055,448.7222239,0.092933698,0.005773714
2021-01-01 07:10:20+00:00,101.4280519,440.1098066,448.7222288,0.092933673,0.005773709
2021-01-01 07:10:30+00:00,101.4280519,440.109805,448.7222319,0.092933664,0.005773707
2021-01-01 07:10:40+00:00,101.4280519,440.1097999,448.7222334,0.092933674,0.005773708
2021-01-01 07:10:50+00:00,101.4280519,440.1097943,448.722234,0.092933691,0.005773709
2021-01-01 07:11:00+00:00,101.4280519,440.1097874,448.7222335,0.092933717,0.00577371
2021-01-01 07:11:10+00:00,101.4280519,440.1097811,448.7222325,0.092933744,0.005773712
2021-01-01 07:11:20+00:00,101.4280519,440.1097735,448.7222314,0.092933777,0.005773714
2021-01-01 07:11:30+00:00,101.4280519,440.1097699,448.7222292,0.092933799,0.005773716
2021-01-01 07:11:40+00:00,101.4280519,440.1097668,448.7222272,0.092933818,0.005773718
2021-01-01 07:11:50+00:00,101.4280519,440.1097654,448.7222258,0.092933829,0.005773719
2021-01-01 07:12:00+00:00,101.4280519,440.1097656,448.722225,0.092933832,0.00577372
2021-01-01 07:12:10+00:00,101.4280519,440.1097647,448.7222237,0.092933841,0.005773721
2021-01-01 07:12:20+00:00,101.4280519,440.1097645,448.7222227,0.092933845,0.005773722
2021-01-01 07:12:30+00:00,101.4280519,440.1097647,448.722222,0.092933847,0.005773722
2021-01-01 07:12:40+00:00,101.4280519,440.1097655,448.7222215,0.092933846,0.005773723
2021-01-01 07:12:50+00:00,101.4280519,440.1097668,448.7222213,0.092933842,0.005773723
2021-01-01 07:13:00+00:00,101.4280519,440.1097678,448.7222212,0.092933839,0.005773722
2021-01-01 07:13:10+00:00,101.4280519,440.109769,448.7222214,0.092933834,0.005773722
2021-01-01 07:13:20+00:00,101.4280519,440.1097707,448.7222213,0.092933827,0.005773722
2021-01-01 07:13:30+00:00,101.4280519,440.1097713,448.7222218,0.092933823,0.005773722
2021-01-01 07:13:40+00:00,101.4280519,440.109772,448.7222222,0.092933819,0.005773721
2021-01-01 07:13:50+00:00,101.4280519,440.1097724,448.7222225,0.092933816,0.005773721
2021-01-01 07:14:00+00:00,101.4280519,440.1097724,448.7222226,0.092933816,0.005773721
2021-01-01 07:14:10+00:00,101.4280519,440.1097724,448.7222227,0.092933816,0.005773721
2021-01-01 07:14:20+00:00,101.4280519,440.1097723,448.7222228,0.092933815,0.005773721
2021-01-01 07:14:30+00:00,101.4280519,440.1097723,448.7222229,0.092933815,0.005773721
2021-01-01 07:14:40+00:00,101.4280519,440.1097723,448.722223,0.092933814,0.00577372
2021-01-01 07:14:50+00:00,101.4280519,440.1097723,448.7222231,0.092933814,0.00577372
2021-01-01 07:15:00+00:00,101.4280519,440.1097723,448.7222232,0.092933814,0.00577372
2021-01-01 07:15:10+00:00,101.4280519,440.1097722,448.7222233,0.092933813,0.00577372
2021-01-01 07:15:20+00:00,101.4280519,440.1097722,448.7222233,0.092933814,0.00577372
2021-01-01 07:15:30+00:00,101.4280519,440.1097721,448.7222233,0.092933814,0.00577372
2021-01-01 07:15:40+00:00,101.4280519,440.109772,448.7222233,0.092933814,0.00577372
2021-01-01 07:15:50+00:00,101.4280519,440.109772,448.7222233,0.092933814,0.00577372
2021-01-01 07:16:00+00:00,101.4280519,440.1097719,448.7222233,0.092933814,0.00577372
2021-01-01 07:16:10+00:00,101.4280519,440.1097719,448.7222233,0.092933815,0.00577372
2021-01-01 07:16:20+00:00,101.4280519,440.1097718,448.7222233,0.092933815,0.00577372
2021-01-01 07:16:30+00:00,101.4280519,440.1097717,448.7222233,0.092933815,0.00577372
2021-01-01 07:16:40+00:00,101.4280519,440.1097717,448.7222233,0.092933815,0.00577372
2021-01-01 07:16:50+00:00,101.4280519,440.1097717,448.7222233,0.092933815,0.00577372
2021-01-01 07:17:00+00:00,98.57778109,440.1097717,448.7222233,0.092933815,0.00577372
2021-01-01 07:17:10+00:00,98.57778109,440.4134622,448.770337,0.09245086,0.005756552
2021-01-01 07:17:20+00:00,98.57778109,440.8352117,448.8719502,0.091207787,0.005687081
2021-01-01 07:17:30+00:00,98.57778109,441.290638,449.0192502,0.08951412,0.005568405
2021-01-01 07:17:40+00:00,98.57778109,441.7136113,449.1948687,0.087719415,0.005422894
2021-01-01 07:17:50+00:00,98.57778109,442.0625125,449.3804559,0.086082854,0.005273795
2021-01-01 07:18:00+00:00,98.57778109,442.3185324,449.5600102,0.084758724,0.005138677
2021-01-01 07:18:10+00:00,98.57778109,442.4820722,449.7218607,0.083803546,0.005027621
2021-01-01 07:18:20+00:00,98.57778109,442.5662012,449.8591896,0.083201455,0.004943995
2021-01-01 07:18:30+00:00,98.57778109,442.5898814,449.9695159,0.08289463,0.004886427
2021-01-01 07:18:40+00:00,98.57778109,442.5727686,450.0536348,0.082809054,0.004850902
2021-01-01 07:18:50+00:00,98.57778109,442.5321164,450.1144524,0.082871695,0.004832413
2021-01-01 07:19:00+00:00,98.57778109,442.4814167,450.1559573,0.083019847,0.004826013
2021-01-01 07:19:10+00:00,98.57778109,442.430196,450.1824365,0.083204813,0.004827388
2021-01-01 07:19:20+00:00,98.57778109,442.3844416,450.1979463,0.08339209,0.004833087
2021-01-01 07:19:30+00:00,98.57778109,442.3472839,450.2059993,0.083559805,0.00484056
2021-01-01 07:19:40+00:00,98.57778109,442.3197325,450.20943,0.08369634,0.004848052
2021-01-01 07:19:50+00:00,98.57778109,442.301357,450.2103625,0.083797803,0.004854516
2021-01-01 07:20:00+00:00,98.57778109,442.2908667,450.2102742,0.083865602,0.004859432
2021-01-01 07:20:10+00:00,98.57778109,442.2865651,450.2100954,0.083904372,0.004862672
2021-01-01 07:20:20+00:00,98.57778109,442.2866789,450.2103269,0.083920317,0.004864368
2021-01-01 07:20:30+00:00,98.57778109,442.2895838,450.2111568,0.083919955,0.004864797
2021-01-01 07:20:40+00:00,98.57778109,442.2939324,450.2125694,0.083909274,0.004864299
2021-01-01 07:20:50+00:00,98.57778109,442.2987043,450.2144346,0.083893252,0.004863203
2021-01-01 07:21:00+00:00,98.57778109,442.3032008,450.2165736,0.083875664,0.004861804
2021-01-01 07:21:10+00:00,98.57778109,442.3070093,450.2188031,0.083859095,0.004860331
2021-01-01 07:21:20+00:00,98.57778109,442.3099505,450.2209682,0.083845048,0.004858944
2021-01-01 07:21:30+00:00,98.57778109,442.312008,450.2229543,0.083834193,0.004857741
2021-01-01 07:21:40+00:00,98.57778109,442.313271,450.2246891,0.083826594,0.00485677
2021-01-01 07:21:50+00:00,98.57778109,442.3138857,450.226139,0.083821928,0.004856037
2021-01-01 07:22:00+00:00,98.57778109,442.314018,450.2273012,0.083819657,0.004855525
2021-01-01 07:22:10+00:00,98.57778109,442.3138307,450.2281962,0.08381916,0.004855198
2021-01-01 07:22:20+00:00,98.57778109,442.3134581,450.2288583,0.083819858,0.004855017
2021-01-01 07:22:30+00:00,98.57778109,442.313012,450.2293288,0.083821231,0.004854941
2021-01-01 07:22:40+00:00,98.57778109,442.3125703,450.2296497,0.083822877,0.004854933
2021-01-01 07:22:50+00:00,98.57778109,442.3121827,450.2298605,0.083824502,0.004854965
2021-01-01 07:23:00+00:00,98.57778109,442.311874,450.2299947,0.083825927,0.004855012
2021-01-01 07:23:10+00:00,98.57778109,442.3116503,450.2300792,0.083827062,0.004855062
2021-01-01 07:23:20+00:00,98.57778109,442.3115031,450.2301363,0.083827893,0.004855103
2021-01-01 07:23:30+00:00,98.57778109,442.3114282,450.2301739,0.083828417,0.004855132
2021-01-01 07:23:40+00:00,98.57778109,442.3113997,450.2302072,0.083828709,0.004855147
2021-01-01 07:23:50+00:00,98.57778109,442.3114064,450.2302385,0.083828817,0.004855148
2021-01-01 07:24:00+00:00,98.57778109,442.3114352,450.2302697,0.083828793,0.004855141
2021-01-01 07:24:10+00:00,98.57778109,442.3114762,450.2303,0.083828679,0.004855137
2021-01-01 07:24:20+00:00,98.57778109,442.311519,450.2303316,0.083828528,0.004855124
2021-01-01 07:24:30+00:00,98.57778109,442.311558,450.230363,0.08382837,0.004855109
2021-01-01 07:24:40+00:00,98.57778109,442.3115904,450.2303926,0.083828226,0.004855093
2021-01-01 07:24:50+00:00,98.57778109,442.3116151,450.2304196,0.083828106,0.004855078
2021-01-01 07:25:00+00:00,98.57778109,442.3116321,450.2304436,0.083828014,0.004855065
2021-01-01 07:25:10+00:00,98.57778109,442.3116431,450.2304642,0.083827948,0.004855055
2021-01-01 07:25:20+00:00,98.57778109,442.3116492,450.2304812,0.083827904,0.004855048
2021-01-01 07:25:30+00:00,98.57778109,442.3116502,450.2304949,0.083827885,0.004855043
2021-01-01 07:25:40+00:00,98.57778109,442.3116489,450.2305058,0.083827879,0.00485504
2021-01-01 07:25:50+00:00,98.57778109,442.3116449,450.230514,0.083827886,0.004855038
2021-01-01 07:26:00+00:00,98.57778109,442.3116406,450.2305204,0.083827899,0.004855037
2021-01-01 07:26:10+00:00,98.57778109,442.3116354,450.2305268,0.083827914,0.004855036
2021-01-01 07:26:20+00:00,98.57778109,442.3116309,450.2305284,0.083827936,0.004855037
2021-01-01 07:26:30+00:00,98.57778109,442.3116269,450.2305294,0.083827954,0.004855037
2021-01-01 07:26:40+00:00,98.57778109,442.3116249,450.23053,0.083827966,0.004855038
2021-01-01 07:26:50+00:00,98.57778109,442.3116231,450.2305305,0.083827976,0.004855039
2021-01-01 07:27:00+00:00,98.57778109,442.3116223,450.2305309,0.083827982,0.004855039
2021-01-01 07:27:10+00:00,98.57778109,442.3116217,450.2305313,0.083827987,0.004855039
2021-01-01 07:27:20+00:00,98.57778109,442.3116214,450.2305316,0.083827989,0.004855039
2021-01-01 07:27:30+00:00,98.57778109,442.3116215,450.2305319,0.08382799,0.004855039
2021-01-01 07:27:40+00:00,98.57778109,442.3116215,450.2305323,0.083827991,0.004855039
2021-01-01 07:27:50+00:00,98.57778109,442.3116217,450.2305326,0.083827991,0.004855039
2021-01-01 07:28:00+00:00,98.57778109,442.311622,450.2305328,0.08382799,0.004855039
2021-01-01 07:28:10+00:00,98.57778109,442.3116223,450.2305331,0.083827989,0.004855039
2021-01-01 07:28:20+00:00,98.57778109,442.3116225,450.2305333,0.083827988,0.004855039
2021-01-01 07:28:30+00:00,98.57778109,442.3116226,450.2305335,0.083827988,0.004855039
2021-01-01 07:28:40+00:00,98.57778109,442.3116227,450.2305337,0.083827988,0.004855039
2021-01-01 07:28:50+00:00,98.57778109,442.3116228,450.2305338,0.083827987,0.004855039
2021-01-01 07:29:00+00:00,98.57778109,442.3116229,450.230534,0.083827987,0.004855039
2021-01-01 07:29:10+00:00,98.57778109,442.311623,450.2305342,0.083827986,0.004855039
2021-01-01 07:29:20+00:00,98.57778109,442.3116231,450.2305343,0.083827986,0.004855039
2021-01-01 07:29:30+00:00,98.57778109,442.3116232,450.2305344,0.083827986,0.004855039
2021-01-01 07:29:40+00:00,98.57778109,442.3116232,450.2305345,0.083827986,0.004855039
2021-01-01 07:29:50+00:00,98.57778109,442.3116232,450.2305346,0.083827985,0.004855038
2021-01-01 07:30:00+00:00,98.57778109,442.3116233,450.2305346,0.083827985,0.004855038
2021-01-01 07:30:10+00:00,98.57778109,442.3116233,450.2305347,0.083827985,0.004855038
2021-01-01 07:30:20+00:00,98.57778109,442.3116233,450.2305348,0.083827985,0.004855038
2021-01-01 07:30:30+00:00,98.57778109,442.3116233,450.2305348,0.083827985,0.004855038
2021-01-01 07:30:40+00:00,98.57778109,442.3116233,450.2305349,0.083827985,0.004855038
2021-01-01 07:30:50+00:00,98.57778109,442.3116234,450.2305349,0.083827985,0.004855038
2021-01-01 07:31:00+00:00,98.57778109,442.3116234,450.2305349,0.083827985,0.004855038
2021-01-01 07:31:10+00:00,98.57778109,442.3116234,450.2305349,0.083827985,0.004855038
2021-01-01 07:31:20+00:00,98.57778109,442.3116234,450.2305349,0.083827985,0.004855038
2021-01-01 07:31:30+00:00,98.57778109,442.3116234,450.2305349,0.083827985,0.004855038
2021-01-01 07:31:40+00:00,98.57778109,442.3116234,450.2305349,0.083827985,0.004855038
2021-01-01 07:31:50+00:00,98.57778109,442.3116234,450.230535,0.083827985,0.004855038
2021-01-01 07:32:00+00:00,98.57778109,442.3116234,450.230535,0.083827985,0.004855038
2021-01-01 07:32:10+00:00,98.57778109,442.3116234,450.230535,0.083827985,0.004855038
2021-01-01 07:32:20+00:00,98.57778109,442.3116234,450.230535,0.083827985,0.004855038
2021-01-01 07:32:30+00:00,98.57778109,442.3116234,450.230535,0.083827985,0.004855038
2021-01-01 07:32:40+00:00,98.57778109,442.3116234,450.230535,0.083827985,0.004855038
2021-01-01 07:32:50+00:00,98.57778109,442.3116234,450.230535,0.083827985,0.004855038
2021-01-01 07:33:00+00:00,98.57778109,442.3116234,450.2305351,0.083827985,0.004855038
2021-01-01 07:33:10+00:00,98.57778109,442.3116234,450.2305351,0.083827985,0.004855038
2021-01-01 07:33:20+00:00,98.57778109,442.3116234,450.2305351,0.083827985,0.004855038
2021-01-01 07:33:30+00:00,98.57778109,442.3116234,450.2305351,0.083827985,0.004855038
2021-01-01 07:33:40+00:00,98.57778109,442.3116234,450.2305351,0.083827985,0.004855038
2021-01-01 07:33:50+00:00,101.2634215,442.3116234,450.2305351,0.083827985,0.004855038
2021-01-01 07:34:00+00:00,101.561826,441.9939509,450.1817383,0.084318409,0.004871563
2021-01-01 07:34:10+00:00,101.561826,441.5613624,450.076219,0.085542272,0.004937279
2021-01-01 07:34:20+00:00,101.561826,441.1107619,449.9252753,0.087161421,0.005046733
2021-01-01 07:34:30+00:00,101.561826,440.693211,449.7461266,0.088886599,0.005181532
2021-01-01 07:34:40+00:00,101.561826,440.3373623,449.5556725,0.090524995,0.00532478
2021-01-01 07:34:50+00:00,101.561826,440.056514,449.3681806,0.091955468,0.005463522
2021-01-01 07:35:00+00:00,101.561826,439.8535472,449.1945583,0.093110457,0.005588511
2021-01-01 07:35:10+00:00,101.561826,439.7242509,449.0422596,0.093963382,0.005693767
2021-01-01 07:35:20+00:00,101.561826,439.6596555,448.9155228,0.094519263,0.005776168
2021-01-01 07:35:30+00:00,101.561826,439.6478229,448.8157784,0.094806881,0.005835097
2021-01-01 07:35:40+00:00,101.561826,439.6753613,448.7421629,0.094871404,0.005872002
2021-01-01 07:35:50+00:00,101.561826,439.7287662,448.692093,0.094767174,0.005889886
2021-01-01 07:36:00+00:00,101.561826,439.7955752,448.6618487,0.094550901,0.005892734
2021-01-01 07:36:10+00:00,101.561826,439.8652783,448.6471518,0.094275612,0.005884907
2021-01-01 07:36:20+00:00,101.561826,439.9298659,448.6436534,0.093986272,0.005870629
2021-01-01 07:36:30+00:00,101.561826,439.9840363,448.6473369,0.093717037,0.005853576
2021-01-01 07:36:40+00:00,101.561826,440.0250541,448.6547918,0.093490426,0.005836635
2021-01-01 07:36:50+00:00,101.561826,440.0523518,448.663363,0.093318043,0.005821808
2021-01-01 07:37:00+00:00,101.561826,440.0669847,448.6711845,0.093202399,0.005810248
2021-01-01 07:37:10+00:00,101.561826,440.0710535,448.6771257,0.093139246,0.00580239
2021-01-01 07:37:20+00:00,101.561826,440.0671641,448.6806752,0.093120055,0.005798124
2021-01-01 07:37:30+00:00,101.561826,440.058003,448.6817987,0.093134175,0.005796964
2021-01-01 07:37:40+00:00,101.561826,440.0460293,448.6807877,0.093170577,0.005798228
2021-01-01 07:37:50+00:00,101.561826,440.0332804,448.6781245,0.09321913,0.005801164
2021-01-01 07:38:00+00:00,101.561826,440.0212854,448.6743681,0.093271379,0.005805041
2021-01-01 07:38:10+00:00,101.561826,440.0110567,448.6700594,0.09332092,0.005809258
2021-01-01 07:38:20+00:00,101.561826,440.003136,448.6656759,0.093363459,0.005813312
2021-01-01 07:38:30+00:00,101.561826,439.9976738,448.6615859,0.093396646,0.005816872
2021-01-01 07:38:40+00:00,101.561826,439.9945265,448.6580432,0.093419755,0.005819738
2021-01-01 07:38:50+00:00,101.561826,439.9933532,448.655187,0.093433304,0.005821838
2021-01-01 07:39:00+00:00,101.561826,439.993722,448.6530595,0.093438596,0.005823189
2021-01-01 07:39:10+00:00,101.561826,439.9951456,448.6516275,0.093437473,0.005823881
2021-01-01 07:39:20+00:00,101.561826,439.9971886,448.6508061,0.093431828,0.005824039
2021-01-01 07:39:30+00:00,101.561826,439.9994593,448.6504749,0.093423554,0.005823811
2021-01-01 07:39:40+00:00,101.561826,440.0016595,448.6505045,0.09341425,0.005823335
2021-01-01 07:39:50+00:00,101.561826,440.0035836,448.6507703,0.093405162,0.005822738
2021-01-01 07:40:00+00:00,101.561826,440.0051107,448.6511611,0.093397175,0.005822121
2021-01-01 07:40:10+00:00,101.561826,440.0061963,448.6515882,0.093390795,0.005821557
2021-01-01 07:40:20+00:00,101.561826,440.0068557,448.6519866,0.093386222,0.005821093
2021-01-01 07:40:30+00:00,101.561826,440.0071438,448.6523154,0.093383403,0.00582075
2021-01-01 07:40:40+00:00,101.561826,440.0071379,448.6525544,0.093382122,0.005820531
2021-01-01 07:40:50+00:00,101.561826,440.0069222,448.6526991,0.093382073,0.005820424
2021-01-01 07:41:00+00:00,101.561826,440.0065782,448.6527569,0.093382912,0.00582041
2021-01-01 07:41:10+00:00,101.561826,440.0061783,448.6527429,0.093384297,0.005820466
2021-01-01 07:41:20+00:00,101.561826,440.0057796,448.6526762,0.093385931,0.005820566
2021-01-01 07:41:30+00:00,101.561826,440.0054229,448.6525766,0.093387571,0.005820687
2021-01-01 07:41:40+00:00,101.561826,440.0051328,448.6524623,0.093389048,0.005820811
2021-01-01 07:41:50+00:00,101.561826,440.0049202,448.6523477,0.093390256,0.005820923
2021-01-01 07:42:00+00:00,101.561826,440.0047835,448.6522428,0.093391154,0.005821018
2021-01-01 07:42:10+00:00,101.561826,440.0047152,448.6521532,0.093391738,0.005821097
2021-01-01 07:42:20+00:00,101.561826,440.0047029,448.6520844,0.093392037,0.00582115
2021-01-01 07:42:30+00:00,101.561826,440.0047318,448.6520365,0.093392102,0.00582118
2021-01-01 07:42:40+00:00,101.561826,440.0047876,448.6520078,0.093391992,0.005821192
2021-01-01 07:42:50+00:00,101.561826,440.0048569,448.6519953,0.093391768,0.005821188
2021-01-01 07:43:00+00:00,101.561826,440.0049306,448.6519956,0.093391478,0.005821175
2021-01-01 07:43:10+00:00,101.561826,440.004998,448.6520047,0.093391176,0.005821157
2021-01-01 07:43:20+00:00,101.561826,440.0050552,448.6520192,0.093390892,0.005821136
2021-01-01 07:43:30+00:00,101.561826,440.0050989,448.6520361,0.093390649,0.005821116
2021-01-01 07:43:40+00:00,101.561826,440.0051279,448.6520523,0.093390463,0.005821101
2021-01-01 07:43:50+00:00,101.561826,440.0051418,448.6520651,0.093390347,0.005821092
2021-01-01 07:44:00+00:00,101.561826,440.0051428,448.6520767,0.093390297,0.005821076
2021-01-01 07:44:10+00:00,101.561826,440.0051361,448.6520832,0.093390291,0.00582107
2021-01-01 07:44:20+00:00,101.561826,440.005125,448.6520866,0.093390317,0.005821068
2021-01-01 07:44:30+00:00,101.561826,440.0051116,448.6520871,0.093390362,0.00582107
2021-01-01 07:44:40+00:00,101.561826,440.005098,448.6520857,0.093390417,0.005821073
2021-01-01 07:44:50+00:00,101.561826,440.0050856,448.6520829,0.093390472,0.005821077
2021-01-01 07:45:00+00:00,101.561826,440.0050755,448.6520795,0.093390523,0.005821081
2021-01-01 07:45:10+00:00,101.561826,440.0050678,448.6520759,0.093390566,0.005821085
2021-01-01 07:45:20+00:00,101.561826,440.0050624,448.6520725,0.093390599,0.005821088
2021-01-01 07:45:30+00:00,101.561826,440.0050595,448.6520695,0.093390622,0.005821091
2021-01-01 07:45:40+00:00,101.561826,440.0050585,448.652067,0.093390635,0.005821093
2021-01-01 07:45:50+00:00,101.561826,440.0050585,448.6520652,0.093390642,0.005821094
2021-01-01 07:46:00+00:00,101.561826,440.0050594,448.6520639,0.093390644,0.005821095
2021-01-01 07:46:10+00:00,101.561826,440.0050615,448.6520633,0.093390639,0.005821095
2021-01-01 07:46:20+00:00,101.561826,440.005064,448.652063,0.093390631,0.005821094
2021-01-01 07:46:30+00:00,101.561826,440.0050661,448.652063,0.093390623,0.005821094
2021-01-01 07:46:40+00:00,101.561826,440.0050686,448.6520634,0.093390612,0.005821093
2021-01-01 07:46:50+00:00,101.561826,440.0050719,448.6520635,0.093390599,0.005821093
2021-01-01 07:47:00+00:00,101.561826,440.0050732,448.6520642,0.093390591,0.005821092
2021-01-01 07:47:10+00:00,101.561826,440.0050743,448.6520651,0.093390583,0.005821091
2021-01-01 07:47:20+00:00,101.561826,440.0050752,448.6520658,0.093390577,0.00582109
2021-01-01 07:47:30+00:00,101.561826,440.0050753,448.6520663,0.093390574,0.00582109
2021-01-01 07:47:40+00:00,101.561826,440.0050752,448.6520666,0.093390573,0.00582109
2021-01-01 07:47:50+00:00,101.561826,440.0050752,448.6520669,0.093390572,0.00582109
2021-01-01 07:48:00+00:00,101.561826,440.0050752,448.6520673,0.09339057,0.005821089
2021-01-01 07:48:10+00:00,101.561826,440.005075,448.6520674,0.09339057,0.005821089
2021-01-01 07:48:20+00:00,101.561826,440.0050748,448.6520675,0.093390571,0.005821089
2021-01-01 07:48:30+00:00,101.561826,440.0050746,448.6520676,0.093390571,0.005821089
2021-01-01 07:48:40+00:00,101.561826,440.0050744,448.6520677,0.093390572,0.005821089
2021-01-01 07:48:50+00:00,101.561826,440.0050742,448.6520677,0.093390572,0.005821089
2021-01-01 07:49:00+00:00,101.561826,440.005074,448.6520677,0.093390573,0.005821089
2021-01-01 07:49:10+00:00,101.561826,440.0050738,448.6520676,0.093390574,0.005821089
2021-01-01 07:49:20+00:00,101.561826,440.0050736,448.6520676,0.093390575,0.005821089
2021-01-01 07:49:30+00:00,101.561826,440.0050734,448.6520675,0.093390576,0.005821089
2021-01-01 07:49:40+00:00,101.561826,440.0050732,448.6520675,0.093390577,0.005821089
2021-01-01 07:49:50+00:00,101.561826,440.005073,448.6520674,0.093390578,0.00582109
2021-01-01 07:50:00+00:00,101.561826,440.0050729,448.6520674,0.093390578,0.00582109
2021-01-01 07:50:10+00:00,101.561826,440.0050728,448.6520673,0.093390579,0.00582109
2021-01-01 07:50:20+00:00,101.561826,440.0050728,448.6520673,0.093390579,0.00582109
2021-01-01 07:50:30+00:00,101.561826,440.0050728,448.6520673,0.093390579,0.00582109
2021-01-01 07:50:40+00:00,95.60993691,440.0050728,448.6520673,0.093390579,0.00582109
2021-01-01 07:50:50+00:00,94.12196464,440.7055224,448.7613516,0.092272798,0.005781538
2021-01-01 07:51:00+00:00,94.12196464,441.7974176,449.0104891,0.089197491,0.005614095
2021-01-01 07:51:10+00:00,94.12196464,442.9803055,449.3778787,0.084922792,0.005320875
2021-01-01 07:51:20+00:00,94.12196464,444.0578639,449.8183545,0.080506968,0.004966571
2021-01-01 07:51:30+00:00,94.12196464,444.9039172,450.280761,0.076723517,0.00462099
2021-01-01 07:51:40+00:00,94.12196464,445.480257,450.7222156,0.073928892,0.004330358
2021-01-01 07:51:50+00:00,94.12196464,445.8168987,451.1150838,0.072123007,0.004111431
2021-01-01 07:52:00+00:00,94.12196464,445.9751531,451.4469483,0.071113111,0.003959748
2021-01-01 07:52:10+00:00,94.12196464,446.0179745,451.7166304,0.070658778,0.003861314
2021-01-01 07:52:20+00:00,94.12196464,445.9957132,451.9295533,0.070549944,0.003800872
2021-01-01 07:52:30+00:00,94.12196464,445.9432266,452.0941225,0.07063106,0.003765664
2021-01-01 07:52:40+00:00,94.12196464,445.8821674,452.2194227,0.070798338,0.003746272
2021-01-01 07:52:50+00:00,94.12196464,445.824569,452.3139433,0.070988285,0.003736245
2021-01-01 07:53:00+00:00,94.12196464,445.7760993,452.3849899,0.071165752,0.003731364
2021-01-01 07:53:10+00:00,94.12196464,445.7384901,452.4385118,0.071314327,0.003729041
2021-01-01 07:53:20+00:00,94.12196464,445.7112629,452.4791576,0.071429176,0.003727737
2021-01-01 07:53:30+00:00,94.12196464,445.6928669,452.5104234,0.071512003,0.003726671
2021-01-01 07:53:40+00:00,94.12196464,445.6813882,452.5348767,0.071567702,0.003725467
2021-01-01 07:53:50+00:00,94.12196464,445.6749611,452.5543497,0.071602228,0.003724026
2021-01-01 07:54:00+00:00,94.12196464,445.6719763,452.5701284,0.071621354,0.003722384
2021-01-01 07:54:10+00:00,94.12196464,445.6711598,452.5831059,0.071630039,0.003720631
2021-01-01 07:54:20+00:00,94.12196464,445.6715723,452.5938993,0.071632195,0.003718867
2021-01-01 07:54:30+00:00,94.12196464,445.6725714,452.6029409,0.071630681,0.003717176
2021-01-01 07:54:40+00:00,94.12196464,445.6737478,452.6105428,0.071627451,0.003715621
2021-01-01 07:54:50+00:00,94.12196464,445.674865,452.61694,0.071623746,0.003714234
2021-01-01 07:55:00+00:00,94.12196464,445.6758082,452.6223149,0.071620269,0.00371303
2021-01-01 07:55:10+00:00,94.12196464,445.6765403,452.6268156,0.071617355,0.00371202
2021-01-01 07:55:20+00:00,94.12196464,445.6770686,452.6305728,0.071615108,0.003711173
2021-01-01 07:55:30+00:00,94.12196464,445.677423,452.6336973,0.071613498,0.003710471
2021-01-01 07:55:40+00:00,94.12196464,445.6776421,452.6362822,0.071612423,0.003709912
2021-01-01 07:55:50+00:00,94.12196464,445.6777628,452.6384144,0.071611764,0.003709462
2021-01-01 07:56:00+00:00,94.12196464,445.6778163,452.640166,0.071611408,0.003709102
2021-01-01 07:56:10+00:00,94.12196464,445.6778277,452.6416011,0.071611255,0.003708815
2021-01-01 07:56:20+00:00,94.12196464,445.6778163,452.6427754,0.071611228,0.003708589
2021-01-01 07:56:30+00:00,94.12196464,445.6777955,452.6437374,0.071611265,0.003708401
2021-01-01 07:56:40+00:00,94.12196464,445.677772,452.6445231,0.071611331,0.003708251
2021-01-01 07:56:50+00:00,94.12196464,445.6777499,452.6451644,0.071611404,0.003708132
2021-01-01 07:57:00+00:00,94.12196464,445.6777314,452.645687,0.071611473,0.003708035
2021-01-01 07:57:10+00:00,94.12196464,445.6777172,452.6461142,0.07161153,0.003707957
2021-01-01 07:57:20+00:00,94.12196464,445.6777072,452.6464635,0.071611573,0.003707893
2021-01-01 07:57:30+00:00,94.12196464,445.6777009,452.6467498,0.071611603,0.003707841
2021-01-01 07:57:40+00:00,94.12196464,445.6776972,452.6469841,0.071611622,0.0037078
2021-01-01 07:57:50+00:00,94.12196464,445.6776948,452.6471772,0.071611634,0.003707761
2021-01-01 07:58:00+00:00,94.12196464,445.6776937,452.6473353,0.071611641,0.003707731
2021-01-01 07:58:10+00:00,94.12196464,445.6776933,452.647465,0.071611644,0.003707706
2021-01-01 07:58:20+00:00,94.12196464,445.6776933,452.6475715,0.071611646,0.003707685
2021-01-01 07:58:30+00:00,94.12196464,445.6776936,452.647659,0.071611645,0.003707668
2021-01-01 07:58:40+00:00,94.12196464,445.677694,452.6477308,0.071611644,0.003707655
2021-01-01 07:58:50+00:00,94.12196464,445.6776944,452.6477903,0.071611643,0.003707643
2021-01-01 07:59:00+00:00,94.12196464,445.6776947,452.6478393,0.071611642,0.003707634
2021-01-01 07:59:10+00:00,94.12196464,445.6776951,452.6478786,0.07161164,0.003707627
2021-01-01 07:59:20+00:00,94.12196464,445.6776954,452.6479108,0.071611639,0.003707622
2021-01-01 07:59:30+00:00,94.12196464,445.6776956,452.6479367,0.071611638,0.003707619
2021-01-01 07:59:40+00:00,94.12196464,445.6776956,452.6479584,0.071611638,0.003707614
2021-01-01 07:59:50+00:00,94.12196464,445.6776956,452.6479772,0.071611638,0.003707607
2021-01-01 08:00:00+00:00,94.12196464,445.6776955,452.647992,0.071611638,0.003707604
2021-01-01 08:00:10+00:00,94.12196464,445.6776955,452.6480042,0.071611638,0.003707602
2021-01-01 08:00:20+00:00,94.12196464,445.6776955,452.6480143,0.071611639,0.0037076
2021-01-01 08:00:30+00:00,94.12196464,445.6776954,452.6480226,0.071611639,0.003707599
2021-01-01 08:00:40+00:00,94.12196464,445.6776954,452.6480294,0.071611639,0.003707597
2021-01-01 08:00:50+00:00,94.12196464,445.6776954,452.6480351,0.071611639,0.003707596
2021-01-01 08:01:00+00:00,94.12196464,445.6776954,452.64804,0.071611639,0.003707595
2021-01-01 08:01:10+00:00,94.12196464,445.6776954,452.6480441,0.071611639,0.003707595
2021-01-01 08:01:20+00:00,94.12196464,445.6776954,452.6480473,0.071611639,0.003707594
2021-01-01 08:01:30+00:00,94.12196464,445.6776953,452.6480499,0.071611639,0.003707594
2021-01-01 08:01:40+00:00,94.12196464,445.6776953,452.6480522,0.071611639,0.003707593
2021-01-01 08:01:50+00:00,94.12196464,445.6776953,452.6480539,0.071611639,0.003707593
2021-01-01 08:02:00+00:00,94.12196464,445.6776954,452.6480551,0.071611639,0.003707593
2021-01-01 08:02:10+00:00,94.12196464,445.6776954,452.6480563,0.071611639,0.003707592
2021-01-01 08:02:20+00:00,94.12196464,445.6776954,452.6480571,0.071611639,0.003707592
2021-01-01 08:02:30+00:00,94.12196464,445.6776954,452.6480577,0.071611639,0.003707592
2021-01-01 08:02:40+00:00,94.12196464,445.6776954,452.6480583,0.071611639,0.003707592
2021-01-01 08:02:50+00:00,94.12196464,445.6776954,452.6480588,0.071611639,0.003707592
2021-01-01 08:03:00+00:00,94.12196464,445.6776954,452.6480592,0.071611639,0.003707592
2021-01-01 08:03:10+00:00,94.12196464,445.6776954,452.6480595,0.071611639,0.003707592
2021-01-01 08:03:20+00:00,94.12196464,445.6776954,452.6480597,0.071611639,0.003707592
2021-01-01 08:03:30+00:00,94.12196464,445.6776954,452.6480597,0.071611639,0.003707592
2021-01-01 08:03:40+00:00,94.12196464,445.6776954,452.6480598,0.071611639,0.003707592
2021-01-01 08:03:50+00:00,94.12196464,445.6776954,452.6480599,0.071611639,0.003707592
2021-01-01 08:04:00+00:00,94.12196464,445.6776954,452.64806,0.071611639,0.003707592
2021-01-01 08:04:10+00:00,94.12196464,445.6776954,452.64806,0.071611639,0.003707592
2021-01-01 08:04:20+00:00,94.12196464,445.6776954,452.6480599,0.071611639,0.003707592
2021-01-01 08:04:30+00:00,94.12196464,445.6776954,452.64806,0.071611639,0.003707592
2021-01-01 08:04:40+00:00,94.12196464,445.6776954,452.6480599,0.071611639,0.003707592
2021-01-01 08:04:50+00:00,94.12196464,445.6776954,452.6480599,0.071611639,0.003707592
2021-01-01 08:05:00+00:00,94.12196464,445.6776954,452.6480598,0.071611639,0.003707592
2021-01-01 08:05:10+00:00,94.12196464,445.6776954,452.6480597,0.071611639,0.003707592
2021-01-01 08:05:20+00:00,94.12196464,445.6776954,452.6480597,0.071611639,0.003707592
2021-01-01 08:05:30+00:00,94.12196464,445.6776954,452.6480597,0.071611639,0.003707592
2021-01-01 08:05:40+00:00,94.12196464,445.6776954,452.6480597,0.071611639,0.003707592
2021-01-01 08:05:50+00:00,94.12196464,445.6776954,452.6480597,0.071611639,0.003707592
2021-01-01 08:06:00+00:00,94.12196464,445.6776954,452.6480597,0.071611639,0.003707592
2021-01-01 08:06:10+00:00,94.12196464,445.6776954,452.6480596,0.071611639,0.003707592
2021-01-01 08:06:20+00:00,94.12196464,445.6776954,452.6480596,0.071611639,0.003707592
2021-01-01 08:06:30+00:00,94.12196464,445.6776954,452.6480596,0.071611639,0.003707592
2021-01-01 08:06:40+00:00,94.12196464,445.6776954,452.6480596,0.071611639,0.003707592
2021-01-01 08:06:50+00:00,94.12196464,445.6776954,452.6480596,0.071611639,0.003707592
2021-01-01 08:07:00+00:00,94.12196464,445.6776954,452.6480596,0.071611639,0.003707592
2021-01-01 08:07:10+00:00,94.12196464,445.6776954,452.6480596,0.071611639,0.003707592
2021-01-01 08:07:20+00:00,94.12196464,445.6776954,452.6480596,0.071611639,0.003707592
2021-01-01 08:07:30+00:00,103.8375329,445.6776954,452.6480596,0.071611639,0.003707592
2021-01-01 08:07:40+00:00,106.266425,444.5147772,452.4762231,0.073318672,0.003760894
2021-01-01 08:07:50+00:00,106.266425,442.8505006,452.076527,0.077551699,0.003969786
2021-01-01 08:08:00+00:00,106.266425,441.1503493,451.4951571,0.083212139,0.004322937
2021-01-01 08:08:10+00:00,106.266425,439.5660627,450.798958,0.089396162,0.004771985
2021-01-01 08:08:20+00:00,106.266425,438.1591739,450.0475214,0.095614477,0.005279529
2021-01-01 08:08:30+00:00,106.266425,436.9529758,449.2885588,0.101566402,0.005817999
2021-01-01 08:08:40+00:00,106.266425,435.9546824,448.5586929,0.107042121,0.006363977
2021-01-01 08:08:50+00:00,106.266425,435.1646848,447.8851859,0.111880813,0.006895456
2021-01-01 08:09:00+00:00,106.266425,434.5802071,447.2876319,0.115953308,0.007391108
2021-01-01 08:09:10+00:00,106.266425,434.1963426,446.7793517,0.119156665,0.007830639
2021-01-01 08:09:20+00:00,106.266425,434.0056765,446.3684167,0.121415694,0.008195773
2021-01-01 08:09:30+00:00,106.266425,433.9970337,446.0583165,0.122689332,0.008471587
2021-01-01 08:09:40+00:00,106.266425,434.1537019,445.848278,0.122980413,0.008648144
2021-01-01 08:09:50+00:00,106.266425,434.4515635,445.7333604,0.122346744,0.008722034
2021-01-01 08:10:00+00:00,106.266425,434.8578007,445.7044264,0.120909987,0.008697709
2021-01-01 08:10:10+00:00,106.266425,435.3310692,445.7482443,0.118857285,0.008587955
2021-01-01 08:10:20+00:00,106.266425,435.8240189,445.8479559,0.116430255,0.008413179
2021-01-01 08:10:30+00:00,106.266425,436.2883821,445.9841455,0.113899039,0.008199147
2021-01-01 08:10:40+00:00,106.266425,436.6817379,446.1365429,0.111524978,0.007973424
2021-01-01 08:10:50+00:00,106.266425,436.9738796,446.2861193,0.10952216,0.007761331
2021-01-01 08:11:00+00:00,106.266425,437.1505379,446.4170929,0.10803023,0.007582549
2021-01-01 08:11:10+00:00,106.266425,437.2133256,446.5183355,0.107105969,0.007449297
2021-01-01 08:11:20+00:00,106.266425,437.1764575,446.5838933,0.106732742,0.007366284
2021-01-01 08:11:30+00:00,106.266425,437.0618983,446.6126554,0.106840607,0.00733199
2021-01-01 08:11:40+00:00,106.266425,436.8946194,446.6074267,0.107328751,0.007340551
2021-01-01 08:11:50+00:00,106.266425,436.6989811,446.5737536,0.108084551,0.007383562
2021-01-01 08:12:00+00:00,106.266425,436.496482,446.5187532,0.108997189,0.007451538
2021-01-01 08:12:10+00:00,106.266425,436.3046503,446.4501114,0.109966148,0.007534937
2021-01-01 08:12:20+00:00,106.266425,436.1367038,446.3753053,0.110905943,0.007624828
2021-01-01 08:12:30+00:00,106.266425,436.001645,446.3010464,0.11174843,0.00771333
2021-01-01 08:12:40+00:00,106.266425,435.904568,446.2329159,0.11244368,0.007793897
2021-01-01 08:12:50+00:00,106.266425,435.847062,446.1751574,0.112959964,0.007861509
2021-01-01 08:13:00+00:00,106.266425,435.8276458,446.1305857,0.113283168,0.007912788
2021-01-01 08:13:10+00:00,106.266425,435.8422725,446.1006041,0.113415489,0.007946035
2021-01-01 08:13:20+00:00,106.266425,435.8848818,446.085299,0.113373487,0.007961165
2021-01-01 08:13:30+00:00,106.266425,435.9480292,446.0836059,0.113185397,0.007959557
2021-01-01 08:13:40+00:00,106.266425,436.0235823,446.0935379,0.112887713,0.007943782
2021-01-01 08:13:50+00:00,106.266425,436.1034341,446.1124529,0.11252133,0.007917267
2021-01-01 08:14:00+00:00,106.266425,436.1801971,446.1373549,0.112127453,0.007883883
2021-01-01 08:14:10+00:00,106.266425,436.2477671,446.165188,0.111743875,0.007847541
2021-01-01 08:14:20+00:00,106.266425,436.3017179,446.1931025,0.111401975,0.00781184
2021-01-01 08:14:30+00:00,106.266425,436.339487,446.2186772,0.111124694,0.007779759
2021-01-01 08:14:40+00:00,106.266425,436.3603415,446.2400673,0.110925676,0.007753488
2021-01-01 08:14:50+00:00,106.266425,436.3651601,446.2560804,0.110809507,0.007734352
2021-01-01 08:15:00+00:00,106.266425,436.3560864,446.2661792,0.110772806,0.007722843
2021-01-01 08:15:10+00:00,106.266425,436.3361175,446.2704225,0.110805908,0.007718711
2021-01-01 08:15:20+00:00,106.266425,436.3086872,446.2693612,0.110894816,0.007721124
2021-01-01 08:15:30+00:00,106.266425,436.2772905,446.2639089,0.111023161,0.007728838
2021-01-01 08:15:40+00:00,106.266425,436.2451811,446.2552053,0.111173956,0.00774037
2021-01-01 08:15:50+00:00,106.266425,436.2151285,446.2444768,0.111331184,0.007754171
2021-01-01 08:16:00+00:00,106.266425,436.1892917,446.2329263,0.111480839,0.007768745
2021-01-01 08:16:10+00:00,106.266425,436.1691385,446.2216344,0.111611762,0.007782773
2021-01-01 08:16:20+00:00,106.266425,436.1554444,446.211492,0.111716055,0.007795182
2021-01-01 08:16:30+00:00,106.266425,436.1483372,446.2031565,0.111789221,0.007805199
2021-01-01 08:16:40+00:00,106.266425,436.1473868,446.1970347,0.111830002,0.007812364
2021-01-01 08:16:50+00:00,106.266425,436.1517258,446.193289,0.111839984,0.007816521
2021-01-01 08:17:00+00:00,106.266425,436.160183,446.1918608,0.11182306,0.007817785
2021-01-01 08:17:10+00:00,106.266425,436.1714233,446.1925087,0.111784764,0.007816496
2021-01-01 08:17:20+00:00,106.266425,436.1840824,446.1948563,0.111731575,0.007813154
2021-01-01 08:17:30+00:00,106.266425,436.1968833,446.1984437,0.111670232,0.007808357
2021-01-01 08:17:40+00:00,106.266425,436.2087321,446.2027779,0.111607137,0.00780273
2021-01-01 08:17:50+00:00,106.266425,436.2187841,446.2073796,0.111547844,0.007796876
2021-01-01 08:18:00+00:00,106.266425,436.2264761,446.2118222,0.111496726,0.007791319
2021-01-01 08:18:10+00:00,106.266425,436.2315283,446.215758,0.111456801,0.007786479
2021-01-01 08:18:20+00:00,106.266425,436.2339268,446.2189355,0.111429673,0.007782651
2021-01-01 08:18:30+00:00,106.266425,436.2338843,446.2212059,0.11141562,0.007779998
2021-01-01 08:18:40+00:00,106.266425,436.2317857,446.2225204,0.111413773,0.007778557
2021-01-01 08:18:50+00:00,106.266425,436.2281277,446.2229174,0.11142238,0.00777826
2021-01-01 08:19:00+00:00,106.266425,436.2234595,446.2225063,0.111439089,0.007778953
2021-01-01 08:19:10+00:00,106.266425,436.2183291,446.2214466,0.111461242,0.007780425
2021-01-01 08:19:20+00:00,106.266425,436.2132374,446.219928,0.111486139,0.007782431
2021-01-01 08:19:30+00:00,106.266425,436.2086041,446.2181489,0.111511268,0.00778472
2021-01-01 08:19:40+00:00,106.266425,436.204741,446.2162986,0.111534505,0.007787057
2021-01-01 08:19:50+00:00,106.266425,436.2018494,446.2145422,0.111554213,0.007789239
2021-01-01 08:20:00+00:00,106.266425,436.2000195,446.2130106,0.1115693,0.007791111
2021-01-01 08:20:10+00:00,106.266425,436.1992388,446.2117961,0.11157923,0.007792565
2021-01-01 08:20:20+00:00,106.266425,436.1994097,446.2109509,0.111583972,0.007793544
2021-01-01 08:20:30+00:00,106.266425,436.2003701,446.210488,0.111583937,0.007794039
2021-01-01 08:20:40+00:00,106.266425,436.2019174,446.2103866,0.111579869,0.007794086
2021-01-01 08:20:50+00:00,106.266425,436.2038316,446.2105989,0.111572733,0.007793749
2021-01-01 08:21:00+00:00,106.266425,436.2058957,446.2110584,0.111563602,0.007793117
2021-01-01 08:21:10+00:00,106.266425,436.2079138,446.2116882,0.111553548,0.007792288
2021-01-01 08:21:20+00:00,106.266425,436.2097237,446.2124092,0.11154356,0.007791362
2021-01-01 08:21:30+00:00,106.266425,436.2112079,446.2131468,0.111534456,0.007790432
2021-01-01 08:21:40+00:00,106.266425,436.2122941,446.213837,0.111526858,0.007789576
2021-01-01 08:21:50+00:00,106.266425,436.2129535,446.2144298,0.111521161,0.007788852
2021-01-01 08:22:00+00:00,106.266425,436.2131975,446.2148912,0.111517544,0.007788302
2021-01-01 08:22:10+00:00,106.266425,436.2130698,446.2152031,0.111515987,0.007787944
2021-01-01 08:22:20+00:00,106.266425,436.2126386,446.2153625,0.111516302,0.007787778
2021-01-01 08:22:30+00:00,106.266425,436.2119872,446.2153797,0.111518172,0.007787787
2021-01-01 08:22:40+00:00,106.266425,436.2112045,446.2152753,0.111521198,0.007787945
2021-01-01 08:22:50+00:00,106.266425,436.2103764,446.2150772,0.111524945,0.007788215
2021-01-01 08:23:00+00:00,106.266425,436.2095791,446.2148166,0.111528988,0.007788555
2021-01-01 08:23:10+00:00,106.266425,436.2088741,446.214525,0.111532945,0.007788928
2021-01-01 08:23:20+00:00,106.266425,436.2083056,446.2142314,0.1115365,0.007789298
2021-01-01 08:23:30+00:00,106.266425,436.2078995,446.2139605,0.11153942,0.007789633
2021-01-01 08:23:40+00:00,106.266425,436.2076644,446.2137312,0.111541561,0.007789912
2021-01-01 08:23:50+00:00,106.266425,436.2075962,446.2135682,0.111542784,0.007790105
2021-01-01 08:24:00+00:00,106.266425,436.2076566,446.2134521,0.111543324,0.007790238
2021-01-01 08:24:10+00:00,106.266425,436.2078349,446.2133921,0.111543156,0.007790299
2021-01-01 08:24:20+00:00,106.4101718,436.2078983,446.2133796,0.111543042,0.007790311
2021-01-01 08:24:30+00:00,106.4717775,436.1918289,446.2104952,0.111569259,0.00779138
2021-01-01 08:24:40+00:00,106.4717775,436.1627584,446.2035363,0.111652248,0.007796313
2021-01-01 08:24:50+00:00,106.4717775,436.1277419,446.1927946,0.1117873,0.007806278
2021-01-01 08:25:00+00:00,106.4717775,436.0905932,446.1790558,0.111955242,0.007820519
2021-01-01 08:25:10+00:00,106.4717775,436.0546901,446.1634347,0.112137256,0.007837571
2021-01-01 08:25:20+00:00,106.4717775,436.022775,446.1471384,0.11231633,0.007855811
2021-01-01 08:25:30+00:00,106.4717775,435.9968437,446.1313197,0.112478307,0.007873707
2021-01-01 08:25:40+00:00,106.4717775,435.9781032,446.1169729,0.112612559,0.007889951
2021-01-01 08:25:50+00:00,106.4717775,435.9670014,446.1048663,0.112712276,0.007903546
2021-01-01 08:26:00+00:00,106.4717775,435.9633065,446.0955065,0.112774441,0.007913836
2021-01-01 08:26:10+00:00,106.4717775,435.9662212,446.0891298,0.112799519,0.007920518
2021-01-01 08:26:20+00:00,106.4717775,435.9745397,446.0857181,0.112790891,0.007923616
2021-01-01 08:26:30+00:00,106.4717775,435.9867821,446.0850332,0.112754224,0.007923434
2021-01-01 08:26:40+00:00,106.4717775,436.0013611,446.086663,0.112696676,0.007920499
2021-01-01 08:26:50+00:00,106.4717775,436.0167278,446.0900778,0.112626086,0.007915481
2021-01-01 08:27:00+00:00,106.4717775,436.0314933,446.0946883,0.112550235,0.007909126
2021-01-01 08:27:10+00:00,106.4717775,436.0445228,446.0999019,0.112476193,0.007902172
2021-01-01 08:27:20+00:00,106.4717775,436.0549926,446.1051704,0.112409834,0.007895298
2021-01-01 08:27:30+00:00,106.4717775,436.0624122,446.1100265,0.112355532,0.007889073
2021-01-01 08:27:40+00:00,106.4717775,436.0666183,446.1141103,0.112316006,0.007883925
2021-01-01 08:27:50+00:00,106.4717775,436.0677454,446.1171849,0.112292311,0.007880126
2021-01-01 08:28:00+00:00,106.4717775,436.0661652,446.1191359,0.112284018,0.007877792
2021-01-01 08:28:10+00:00,106.4717775,436.0624162,446.1199609,0.112289492,0.007876898
2021-01-01 08:28:20+00:00,106.4717775,436.0571354,446.1197532,0.112306208,0.007877305
2021-01-01 08:28:30+00:00,106.4717775,436.0509915,446.1186795,0.112331084,0.007878787
2021-01-01 08:28:40+00:00,106.4717775,436.0446227,446.116954,0.112360834,0.00788106
2021-01-01 08:28:50+00:00,106.4717775,436.0385864,446.1148129,0.112392276,0.00788382
2021-01-01 08:29:00+00:00,106.4717775,436.0333286,446.1124919,0.112422573,0.007886768
2021-01-01 08:29:10+00:00,106.4717775,436.0291654,446.1102064,0.112449404,0.007889634
2021-01-01 08:29:20+00:00,106.4717775,436.0262766,446.1081373,0.112471074,0.007892196
2021-01-01 08:29:30+00:00,106.4717775,436.0247098,446.1064214,0.112486566,0.007894289
2021-01-01 08:29:40+00:00,106.4717775,436.0243962,446.1051462,0.112495529,0.007895811
2021-01-01 08:29:50+00:00,106.4717775,436.0251742,446.1043494,0.1124982,0.007896722
2021-01-01 08:30:00+00:00,106.4717775,436.0268166,446.1040244,0.112495297,0.007897038
2021-01-01 08:30:10+00:00,106.4717775,436.0290595,446.1041268,0.112487892,0.007896822
2021-01-01 08:30:20+00:00,106.4717775,436.0316281,446.1045838,0.112477265,0.007896173
2021-01-01 08:30:30+00:00,106.4717775,436.0342607,446.1053045,0.112464778,0.007895207
2021-01-01 08:30:40+00:00,106.4717775,436.0367294,446.1061893,0.112451744,0.007894053
2021-01-01 08:30:50+00:00,106.4717775,436.0388554,446.1071398,0.112439321,0.007892835
2021-01-01 08:31:00+00:00,106.4717775,436.0405148,446.1080671,0.112428447,0.007891663
2021-01-01 08:31:10+00:00,106.4717775,436.0416408,446.1088978,0.112419787,0.007890629
2021-01-01 08:31:20+00:00,106.4717775,436.0422204,446.1095783,0.112413719,0.007889795
2021-01-01 08:31:30+00:00,106.4717775,436.0422876,446.110075,0.112410355,0.0078892
2021-01-01 08:31:40+00:00,106.4717775,436.0419135,446.1103743,0.112409568,0.007888858
2021-01-01 08:31:50+00:00,106.4717775,436.0411951,446.1104808,0.112411038,0.007888759
2021-01-01 08:32:00+00:00,106.4717775,436.0402436,446.1104143,0.112414305,0.007888876
2021-01-01 08:32:10+00:00,106.4717775,436.0391725,446.1102064,0.112418829,0.007889165
2021-01-01 08:32:20+00:00,106.4717775,436.0380883,446.1098955,0.112424047,0.007889578
2021-01-01 08:32:30+00:00,106.4717775,436.0370825,446.1095229,0.112429423,0.00789006
2021-01-01 08:32:40+00:00,106.4717775,436.036226,446.1091284,0.112434491,0.007890564
2021-01-01 08:32:50+00:00,106.4717775,436.0355672,446.1087477,0.11243888,0.007891043
2021-01-01 08:33:00+00:00,106.4717775,436.0351305,446.1084101,0.11244233,0.007891462
2021-01-01 08:33:10+00:00,106.4717775,436.0349185,446.1081369,0.112444699,0.007891795
2021-01-01 08:33:20+00:00,106.4717775,436.0349152,446.1079411,0.112445952,0.007892028
2021-01-01 08:33:30+00:00,106.4717775,436.0350896,446.1078272,0.112446153,0.007892157
2021-01-01 08:33:40+00:00,106.4717775,436.0354006,446.1077921,0.112445443,0.007892186
2021-01-01 08:33:50+00:00,106.4717775,436.0358021,446.1078272,0.112444018,0.007892129
2021-01-01 08:34:00+00:00,106.4717775,436.0362473,446.1079188,0.112442103,0.007892002
2021-01-01 08:34:10+00:00,106.4717775,436.0366931,446.108051,0.112439929,0.007891827
2021-01-01 08:34:20+00:00,106.4717775,436.0371023,446.1082066,0.112437714,0.007891625
2021-01-01 08:34:30+00:00,106.4717775,436.0374467,446.1083695,0.112435649,0.007891418
2021-01-01 08:34:40+00:00,106.4717775,436.0377069,446.1085247,0.112433884,0.007891223
2021-01-01 08:34:50+00:00,106.4717775,436.0378748,446.1086608,0.112432516,0.007891054
2021-01-01 08:35:00+00:00,106.4717775,436.03795,446.1087692,0.112431602,0.007890922
2021-01-01 08:35:10+00:00,106.4717775,436.037941,446.1088453,0.112431146,0.007890832
2021-01-01 08:35:20+00:00,106.4717775,436.0378614,446.1088878,0.112431114,0.007890785
2021-01-01 08:35:30+00:00,106.4717775,436.0377283,446.1088982,0.112431447,0.007890778
2021-01-01 08:35:40+00:00,106.4717775,436.037561,446.1088807,0.112432059,0.007890805
2021-01-01 08:35:50+00:00,106.4717775,436.0373784,446.108841,0.112432857,0.007890859
2021-01-01 08:36:00+00:00,106.4717775,436.0371977,446.1087857,0.112433749,0.007890932
2021-01-01 08:36:10+00:00,106.4717775,436.0370333,446.1087217,0.112434649,0.007891015
2021-01-01 08:36:20+00:00,106.4717775,436.0368964,446.1086555,0.112435479,0.007891099
2021-01-01 08:36:30+00:00,106.4717775,436.036794,446.1085928,0.112436183,0.007891178
2021-01-01 08:36:40+00:00,106.4717775,436.0367291,446.1085384,0.112436724,0.007891245
2021-01-01 08:36:50+00:00,106.4717775,436.0367017,446.1084954,0.112437079,0.007891298
2021-01-01 08:37:00+00:00,106.4717775,436.0367081,446.1084656,0.112437249,0.007891332
2021-01-01 08:37:10+00:00,106.4717775,436.0367429,446.1084496,0.112437247,0.00789135
2021-01-01 08:37:20+00:00,106.4717775,436.0367987,446.1084464,0.112437099,0.007891352
2021-01-01 08:37:30+00:00,106.4717775,436.0368678,446.1084544,0.112436841,0.00789134
2021-01-01 08:37:40+00:00,106.4717775,436.0369424,446.1084714,0.112436511,0.007891317
2021-01-01 08:37:50+00:00,106.4717775,436.0370157,446.1084944,0.112436145,0.007891286
2021-01-01 08:38:00+00:00,106.4717775,436.0370817,446.1085207,0.11243578,0.007891252
2021-01-01 08:38:10+00:00,106.4717775,436.0371362,446.1085476,0.112435447,0.007891218
2021-01-01 08:38:20+00:00,106.4717775,436.0371765,446.1085728,0.112435165,0.007891186
2021-01-01 08:38:30+00:00,106.4717775,436.0372011,446.1085945,0.112434954,0.00789116
2021-01-01 08:38:40+00:00,106.4717775,436.0372107,446.1086115,0.112434818,0.007891139
2021-01-01 08:38:50+00:00,106.4717775,436.0372064,446.1086229,0.112434758,0.007891125
2021-01-01 08:39:00+00:00,106.4717775,436.037191,446.1086287,0.112434767,0.007891119
2021-01-01 08:39:10+00:00,106.4717775,436.0371672,446.1086293,0.112434834,0.007891119
2021-01-01 08:39:20+00:00,106.4717775,436.0371385,446.1086255,0.112434944,0.007891125
2021-01-01 08:39:30+00:00,106.4717775,436.0371082,446.1086182,0.112435082,0.007891135
2021-01-01 08:39:40+00:00,106.4717775,436.0370788,446.1086086,0.112435231,0.007891148
2021-01-01 08:39:50+00:00,106.4717775,436.0370529,446.1085979,0.112435376,0.007891162
2021-01-01 08:40:00+00:00,106.4717775,436.037032,446.1085871,0.112435507,0.007891175
2021-01-01 08:40:10+00:00,106.4717775,436.037017,446.1085772,0.112435615,0.007891187
2021-01-01 08:40:20+00:00,106.4717775,436.0370083,446.1085689,0.112435693,0.007891198
2021-01-01 08:40:30+00:00,106.4717775,436.0370058,446.1085627,0.112435741,0.007891205
2021-01-01 08:40:40+00:00,106.4717775,436.0370085,446.1085586,0.112435758,0.00789121
2021-01-01 08:40:50+00:00,106.4717775,436.0370153,446.1085568,0.112435749,0.007891212
2021-01-01 08:41:00+00:00,106.4717775,436.0370249,446.108557,0.11243572,0.007891211
2021-01-01 08:41:10+00:00,104.0901487,436.037028,446.1085572,0.112435709,0.007891211
2021-01-01 08:41:20+00:00,103.0694507,436.3073263,446.1561944,0.111987609,0.00787308
2021-01-01 08:41:30+00:00,103.0694507,436.7985436,446.2714643,0.110575646,0.007789671
2021-01-01 08:41:40+00:00,103.0694507,437.3902391,446.4496104,0.108293337,0.007622457
2021-01-01 08:41:50+00:00,103.0694507,438.0084185,446.676498,0.105514775,0.00738823
2021-01-01 08:42:00+00:00,103.0694507,438.5821048,446.9310681,0.10263453,0.007118644
2021-01-01 08:42:10+00:00,103.0694507,439.0547434,447.1901026,0.100002907,0.006847803
2021-01-01 08:42:20+00:00,103.0694507,439.3929787,447.4322589,0.097869958,0.006604441
2021-01-01 08:42:30+00:00,103.0694507,439.588996,447.6411485,0.096360033,0.00640748
2021-01-01 08:42:40+00:00,103.0694507,439.6561492,447.8069041,0.095481794,0.006265105
2021-01-01 08:42:50+00:00,103.0694507,439.6208726,447.9261715,0.095161172,0.006176557
2021-01-01 08:43:00+00:00,103.0694507,439.5144905,448.0009573,0.095279651,0.006135205
2021-01-01 08:43:10+00:00,103.0694507,439.3671715,448.0369874,0.095705618,0.006131442
2021-01-01 08:43:20+00:00,103.0694507,439.2045148,448.0420584,0.096314746,0.006154877
2021-01-01 08:43:30+00:00,103.0694507,439.0462149,448.0246714,0.097000793,0.006195675
2021-01-01 08:43:40+00:00,103.0694507,438.9060064,447.9930315,0.097679902,0.006245258
2021-01-01 08:43:50+00:00,103.0694507,438.7922538,447.9543884,0.098291156,0.006296626
2021-01-01 08:44:00+00:00,103.0694507,438.7088005,447.9146649,0.098795126,0.006344452
2021-01-01 08:44:10+00:00,103.0694507,438.6558596,447.8782934,0.099171511,0.006385056
2021-01-01 08:44:20+00:00,103.0694507,438.6309148,447.8482226,0.099416101,0.006416291
2021-01-01 08:44:30+00:00,103.0694507,438.6295561,447.8260343,0.099537484,0.006437368
2021-01-01 08:44:40+00:00,103.0694507,438.6462795,447.8121412,0.099553477,0.006448629
2021-01-01 08:44:50+00:00,103.0694507,438.6751951,447.8060367,0.099487566,0.006451267
2021-01-01 08:45:00+00:00,103.0694507,438.7106327,447.8065665,0.09936555,0.006447018
2021-01-01 08:45:10+00:00,103.0694507,438.7476109,447.8121865,0.099212655,0.006437899
2021-01-01 08:45:20+00:00,103.0694507,438.7821696,447.8212074,0.099051164,0.006425948
2021-01-01 08:45:30+00:00,103.0694507,438.8115171,447.8320011,0.09889893,0.006412986
2021-01-01 08:45:40+00:00,103.0694507,438.8340464,447.8431439,0.098768591,0.006400507
2021-01-01 08:45:50+00:00,103.0694507,438.8492081,447.853511,0.098667568,0.0063896
2021-01-01 08:46:00+00:00,103.0694507,438.8573157,447.8623181,0.098598571,0.006380934
2021-01-01 08:46:10+00:00,103.0694507,438.8593014,447.8691168,0.098560492,0.006374795
2021-01-01 08:46:20+00:00,103.0694507,438.8564713,447.8737587,0.098549459,0.006371155
2021-01-01 08:46:30+00:00,103.0694507,438.850284,447.8763395,0.098559891,0.006369744
2021-01-01 08:46:40+00:00,103.0694507,438.8421634,447.8771279,0.098585509,0.006370146
2021-01-01 08:46:50+00:00,103.0694507,438.8333696,447.8764967,0.098620112,0.006371875
2021-01-01 08:47:00+00:00,103.0694507,438.8249183,447.8748638,0.098658154,0.006374436
2021-01-01 08:47:10+00:00,103.0694507,438.8175417,447.8726394,0.098695118,0.006377373
2021-01-01 08:47:20+00:00,103.0694507,438.8116888,447.8701887,0.098727703,0.006380311
2021-01-01 08:47:30+00:00,103.0694507,438.807551,447.8678088,0.098753837,0.006382964
2021-01-01 08:47:40+00:00,103.0694507,438.8051081,447.8657159,0.098772575,0.006385144
2021-01-01 08:47:50+00:00,103.0694507,438.8041813,447.8640446,0.098783919,0.006386756
2021-01-01 08:48:00+00:00,103.0694507,438.804494,447.8628555,0.098788566,0.006387782
2021-01-01 08:48:10+00:00,103.0694507,438.8057151,447.8621489,0.098787689,0.006388263
2021-01-01 08:48:20+00:00,103.0694507,438.8075043,447.8618774,0.098782721,0.006388286
2021-01-01 08:48:30+00:00,103.0694507,438.8095497,447.8619626,0.09877514,0.006387959
2021-01-01 08:48:40+00:00,103.0694507,438.8115919,447.8623102,0.098766313,0.006387398
2021-01-01 08:48:50+00:00,103.0694507,438.8134339,447.8628239,0.098757398,0.006386715
2021-01-01 08:49:00+00:00,103.0694507,438.814946,447.8634142,0.098749278,0.006386004
2021-01-01 08:49:10+00:00,103.0694507,438.8160606,447.8640052,0.098742555,0.006385343
2021-01-01 08:49:20+00:00,103.0694507,438.8167659,447.8645398,0.098737544,0.006384783
2021-01-01 08:49:30+00:00,103.0694507,438.8170937,447.8649799,0.098734312,0.006384353
2021-01-01 08:49:40+00:00,103.0694507,438.8171053,447.8653062,0.098732736,0.006384065
2021-01-01 08:49:50+00:00,103.0694507,438.8168778,447.8655157,0.098732558,0.006383909
2021-01-01 08:50:00+00:00,103.0694507,438.8164919,447.8656168,0.098733451,0.006383869
2021-01-01 08:50:10+00:00,103.0694507,438.816023,447.8656266,0.09873507,0.00638392
2021-01-01 08:50:20+00:00,103.0694507,438.815535,447.865566,0.098737089,0.006384036
2021-01-01 08:50:30+00:00,103.0694507,438.815081,447.8654581,0.098739212,0.00638419
2021-01-01 08:50:40+00:00,103.0694507,438.8146966,447.865325,0.098741206,0.006384357
2021-01-01 08:50:50+00:00,103.0694507,438.814402,447.8651858,0.098742911,0.006384518
2021-01-01 08:51:00+00:00,103.0694507,438.8142048,447.8650558,0.098744229,0.006384658
2021-01-01 08:51:10+00:00,103.0694507,438.8141003,447.8649453,0.098745125,0.006384769
2021-01-01 08:51:20+00:00,103.0694507,438.8140762,447.8648606,0.098745614,0.006384847
2021-01-01 08:51:30+00:00,103.0694507,438.8141158,447.864804,0.098745743,0.006384892
2021-01-01 08:51:40+00:00,103.0694507,438.8141986,447.8647737,0.098745594,0.006384909
2021-01-01 08:51:50+00:00,103.0694507,438.8143057,447.8647663,0.09874525,0.006384904
2021-01-01 08:52:00+00:00,103.0694507,438.8144206,447.864777,0.098744792,0.006384881
2021-01-01 08:52:10+00:00,103.0694507,438.8145299,447.8648,0.098744296,0.006384847
2021-01-01 08:52:20+00:00,103.0694507,438.8146244,447.8648306,0.09874382,0.006384806
2021-01-01 08:52:30+00:00,103.0694507,438.8146988,447.8648645,0.098743402,0.006384762
2021-01-01 08:52:40+00:00,103.0694507,438.8147507,447.8648974,0.09874307,0.00638472
2021-01-01 08:52:50+00:00,103.0694507,438.8147804,447.864925,0.098742836,0.006384691
2021-01-01 08:53:00+00:00,103.0694507,438.8147903,447.8649453,0.098742698,0.006384676
2021-01-01 08:53:10+00:00,103.0694507,438.8147843,447.8649592,0.098742649,0.00638467
2021-01-01 08:53:20+00:00,103.0694507,438.8147666,447.8649668,0.098742671,0.006384668
2021-01-01 08:53:30+00:00,103.0694507,438.8147426,447.8649693,0.098742744,0.006384669
2021-01-01 08:53:40+00:00,103.0694507,438.8147159,447.8649675,0.098742847,0.006384674
2021-01-01 08:53:50+00:00,103.0694507,438.8146904,447.8649628,0.098742961,0.00638468
2021-01-01 08:54:00+00:00,103.0694507,438.8146684,447.8649562,0.098743071,0.006384688
2021-01-01 08:54:10+00:00,103.0694507,438.8146513,447.8649489,0.098743167,0.006384696
2021-01-01 08:54:20+00:00,103.0694507,438.8146398,447.8649418,0.098743242,0.006384705
2021-01-01 08:54:30+00:00,103.0694507,438.8146333,447.8649357,0.098743292,0.006384711
2021-01-01 08:54:40+00:00,103.0694507,438.8146314,447.8649311,0.09874332,0.006384716
2021-01-01 08:54:50+00:00,103.0694507,438.8146328,447.864928,0.098743331,0.006384718
2021-01-01 08:55:00+00:00,103.0694507,438.8146366,447.8649264,0.098743325,0.006384719
2021-01-01 08:55:10+00:00,103.0694507,438.8146415,447.8649259,0.098743309,0.006384719
2021-01-01 08:55:20+00:00,103.0694507,438.8146469,447.8649264,0.098743289,0.006384718
2021-01-01 08:55:30+00:00,103.0694507,438.8146519,447.8649274,0.098743266,0.006384716
2021-01-01 08:55:40+00:00,103.0694507,438.8146563,447.8649287,0.098743244,0.006384715
2021-01-01 08:55:50+00:00,103.0694507,438.8146596,447.8649301,0.098743226,0.006384713
2021-01-01 08:56:00+00:00,103.0694507,438.814662,447.8649314,0.098743211,0.006384711
2021-01-01 08:56:10+00:00,103.0694507,438.8146632,447.8649326,0.098743201,0.00638471
2021-01-01 08:56:20+00:00,103.0694507,438.8146634,447.8649335,0.098743196,0.006384709
2021-01-01 08:56:30+00:00,103.0694507,438.8146631,447.8649341,0.098743194,0.006384709
2021-01-01 08:56:40+00:00,103.0694507,438.8146622,447.8649344,0.098743196,0.006384709
2021-01-01 08:56:50+00:00,103.0694507,438.814661,447.8649344,0.098743201,0.006384709
2021-01-01 08:57:00+00:00,103.0694507,438.8146598,447.8649343,0.098743206,0.006384709
2021-01-01 08:57:10+00:00,103.0694507,438.8146588,447.864934,0.09874321,0.00638471
2021-01-01 08:57:20+00:00,103.0694507,438.814658,447.8649337,0.098743214,0.00638471
2021-01-01 08:57:30+00:00,103.0694507,438.8146575,447.8649334,0.098743218,0.00638471
2021-01-01 08:57:40+00:00,103.0694507,438.8146572,447.864933,0.09874322,0.006384711
2021-01-01 08:57:50+00:00,103.0694507,438.8146572,447.8649328,0.098743221,0.006384711
2021-01-01 08:58:00+00:00,97.15053496,438.8146573,447.8649328,0.098743221,0.006384711
2021-01-01 08:58:10+00:00,93.20459113,439.5069335,447.9753033,0.097622188,0.006343772
2021-01-01 08:58:20+00:00,93.20459113,440.8951273,448.271654,0.093993278,0.006150777
2021-01-01 08:58:30+00:00,93.20459113,442.4958906,448.7354501,0.088312219,0.005768582
2021-01-01 08:58:40+00:00,93.20459113,444.0190619,449.3133609,0.082095991,0.005274805
2021-01-01 08:58:50+00:00,93.20459113,445.2425713,449.934389,0.076631305,0.004777535
2021-01-01 08:59:00+00:00,93.20459113,446.0763592,450.5339003,0.07259788,0.004357428
2021-01-01 08:59:10+00:00,93.20459113,446.5534092,451.0687075,0.070048894,0.00404635
2021-01-01 08:59:20+00:00,93.20459113,446.7682825,451.519494,0.068677859,0.003837413
2021-01-01 08:59:30+00:00,93.20459113,446.8198308,451.8846486,0.068096555,0.003706632
2021-01-01 08:59:40+00:00,93.20459113,446.7842589,452.1723828,0.067980728,0.003628927
2021-01-01 08:59:50+00:00,93.20459113,446.7113791,452.3948522,0.068104964,0.003584667
2021-01-01 09:00:00+00:00,93.20459113,446.6301635,452.564742,0.06832868,0.003560387
2021-01-01 09:00:10+00:00,93.20459113,446.5555541,452.6935986,0.06857159,0.003547475
2021-01-01 09:00:20+00:00,93.20459113,446.4938702,452.7911705,0.068792537,0.003540662
2021-01-01 09:00:30+00:00,93.20459113,446.4465158,452.8652909,0.068974265,0.003536851
2021-01-01 09:00:40+00:00,93.20459113,446.4123456,452.9220295,0.06911326,0.003534314
2021-01-01 09:00:50+00:00,93.20459113,446.3891127,452.965954,0.069213188,0.003532171
2021-01-01 09:01:00+00:00,93.20459113,446.3743076,453.0004247,0.06928083,0.003530034
2021-01-01 09:01:10+00:00,93.20459113,446.365604,453.0278722,0.06932368,0.003527785
2021-01-01 09:01:20+00:00,93.20459113,446.3610605,453.0500295,0.06934865,0.003525462
2021-01-01 09:01:30+00:00,93.20459113,446.359174,453.0681303,0.069361488,0.003523145
2021-01-01 09:01:40+00:00,93.20459113,446.3588517,453.083058,0.069366631,0.003520911
2021-01-01 09:01:50+00:00,93.20459113,446.3593498,453.0954472,0.069367273,0.003518834
2021-01-01 09:02:00+00:00,93.20459113,446.3601896,453.1057696,0.069365597,0.003516959
2021-01-01 09:02:10+00:00,93.20459113,446.3610877,453.1143854,0.069362996,0.00351531
2021-01-01 09:02:20+00:00,93.20459113,446.3618965,453.1215764,0.069360279,0.00351389
2021-01-01 09:02:30+00:00,93.20459113,446.3625557,453.1275702,0.069357858,0.003512688
2021-01-01 09:02:40+00:00,93.20459113,446.3630549,453.1325563,0.069355899,0.003511684
2021-01-01 09:02:50+00:00,93.20459113,446.3634091,453.1366948,0.069354426,0.003510855
2021-01-01 09:03:00+00:00,93.20459113,446.3636446,453.1401207,0.069353389,0.003510176
2021-01-01 09:03:10+00:00,93.20459113,446.3637902,453.1429494,0.069352704,0.003509628
2021-01-01 09:03:20+00:00,93.20459113,446.363872,453.1452816,0.069352285,0.003509181
2021-01-01 09:03:30+00:00,93.20459113,446.3639119,453.1472015,0.06935205,0.003508816
2021-01-01 09:03:40+00:00,93.20459113,446.3639259,453.148779,0.069351937,0.003508522
2021-01-01 09:03:50+00:00,93.20459113,446.363925,453.1500737,0.069351901,0.003508285
2021-01-01 09:04:00+00:00,93.20459113,446.3639167,453.1511351,0.069351907,0.003508092
2021-01-01 09:04:10+00:00,93.20459113,446.3639057,453.1520041,0.069351935,0.003507937
2021-01-01 09:04:20+00:00,93.20459113,446.3638951,453.1527165,0.069351968,0.00350781
2021-01-01 09:04:30+00:00,93.20459113,446.3638863,453.1533014,0.069351998,0.003507707
2021-01-01 09:04:40+00:00,93.20459113,446.3638794,453.1537862,0.069352024,0.003507622
2021-01-01 09:04:50+00:00,93.20459113,446.3638745,453.1541778,0.069352045,0.003507553
2021-01-01 09:05:00+00:00,93.20459113,446.363871,453.1544969,0.069352059,0.0035075
2021-01-01 09:05:10+00:00,93.20459113,446.3638686,453.1547621,0.069352069,0.003507454
2021-01-01 09:05:20+00:00,93.20459113,446.363867,453.1549809,0.069352077,0.003507412
2021-01-01 09:05:30+00:00,93.20459113,446.3638661,453.1551603,0.069352082,0.003507376
2021-01-01 09:05:40+00:00,93.20459113,446.3638656,453.1553071,0.069352084,0.00350735
2021-01-01 09:05:50+00:00,93.20459113,446.3638654,453.1554276,0.069352086,0.003507328
2021-01-01 09:06:00+00:00,93.20459113,446.3638654,453.1555269,0.069352086,0.00350731
2021-01-01 09:06:10+00:00,93.20459113,446.3638655,453.1556092,0.069352086,0.003507295
2021-01-01 09:06:20+00:00,93.20459113,446.3638656,453.1556764,0.069352086,0.003507282
2021-01-01 09:06:30+00:00,93.20459113,446.3638658,453.1557312,0.069352085,0.003507273
2021-01-01 09:06:40+00:00,93.20459113,446.3638659,453.1557763,0.069352085,0.003507265
2021-01-01 09:06:50+00:00,93.20459113,446.3638659,453.1558133,0.069352085,0.003507258
2021-01-01 09:07:00+00:00,93.20459113,446.363866,453.155844,0.069352084,0.003507253
2021-01-01 09:07:10+00:00,93.20459113,446.363866,453.155869,0.069352084,0.003507249
2021-01-01 09:07:20+00:00,93.20459113,446.363866,453.1558888,0.069352084,0.003507245
2021-01-01 09:07:30+00:00,93.20459113,446.363866,453.1559046,0.069352084,0.003507242
2021-01-01 09:07:40+00:00,93.20459113,446.363866,453.1559177,0.069352084,0.00350724
2021-01-01 09:07:50+00:00,93.20459113,446.363866,453.1559278,0.069352084,0.003507238
2021-01-01 09:08:00+00:00,93.20459113,446.363866,453.1559353,0.069352084,0.003507236
2021-01-01 09:08:10+00:00,93.20459113,446.363866,453.1559414,0.069352084,0.003507235
2021-01-01 09:08:20+00:00,93.20459113,446.363866,453.1559473,0.069352084,0.003507234
2021-01-01 09:08:30+00:00,93.20459113,446.363866,453.1559522,0.069352084,0.003507233
2021-01-01 09:08:40+00:00,93.20459113,446.363866,453.1559563,0.069352084,0.003507233
2021-01-01 09:08:50+00:00,93.20459113,446.363866,453.15596,0.069352084,0.003507232
2021-01-01 09:09:00+00:00,93.20459113,446.363866,453.1559634,0.069352084,0.003507231
2021-01-01 09:09:10+00:00,93.20459113,446.363866,453.1559664,0.069352084,0.003507231
2021-01-01 09:09:20+00:00,93.20459113,446.363866,453.155969,0.069352084,0.00350723
2021-01-01 09:09:30+00:00,93.20459113,446.363866,453.1559714,0.069352084,0.00350723
2021-01-01 09:09:40+00:00,93.20459113,446.363866,453.1559735,0.069352084,0.00350723
2021-01-01 09:09:50+00:00,93.20459113,446.363866,453.1559753,0.069352084,0.003507229
2021-01-01 09:10:00+00:00,93.20459113,446.363866,453.1559767,0.069352084,0.003507229
2021-01-01 09:10:10+00:00,93.20459113,446.363866,453.1559779,0.069352084,0.003507229
2021-01-01 09:10:20+00:00,93.20459113,446.363866,453.1559788,0.069352084,0.003507229
2021-01-01 09:10:30+00:00,93.20459113,446.363866,453.1559796,0.069352084,0.003507229
2021-01-01 09:10:40+00:00,93.20459113,446.363866,453.1559801,0.069352084,0.003507228
2021-01-01 09:10:50+00:00,93.20459113,446.363866,453.1559806,0.069352084,0.003507228
2021-01-01 09:11:00+00:00,93.20459113,446.363866,453.155981,0.069352084,0.003507228
2021-01-01 09:11:10+00:00,93.20459113,446.363866,453.1559812,0.069352084,0.003507228
2021-01-01 09:11:20+00:00,93.20459113,446.363866,453.1559814,0.069352084,0.003507228
2021-01-01 09:11:30+00:00,93.20459113,446.363866,453.1559816,0.069352084,0.003507228
2021-01-01 09:11:40+00:00,93.20459113,446.363866,453.1559818,0.069352084,0.003507228
2021-01-01 09:11:50+00:00,93.20459113,446.363866,453.1559818,0.069352084,0.003507228
2021-01-01 09:12:00+00:00,93.20459113,446.363866,453.1559818,0.069352084,0.003507228
2021-01-01 09:12:10+00:00,93.20459113,446.363866,453.1559818,0.069352084,0.003507228
2021-01-01 09:12:20+00:00,93.20459113,446.363866,453.1559818,0.069352084,0.003507228
2021-01-01 09:12:30+00:00,93.20459113,446.363866,453.1559818,0.069352084,0.003507228
2021-01-01 09:12:40+00:00,93.20459113,446.363866,453.1559818,0.069352084,0.003507228
2021-01-01 09:12:50+00:00,93.20459113,446.363866,453.1559819,0.069352084,0.003507228
2021-01-01 09:13:00+00:00,93.20459113,446.363866,453.1559819,0.069352084,0.003507228
2021-01-01 09:13:10+00:00,93.20459113,446.363866,453.1559818,0.069352084,0.003507228
2021-01-01 09:13:20+00:00,93.20459113,446.363866,453.1559818,0.069352084,0.003507228
2021-01-01 09:13:30+00:00,93.20459113,446.363866,453.1559819,0.069352084,0.003507228
2021-01-01 09:13:40+00:00,93.20459113,446.363866,453.1559819,0.069352084,0.003507228
2021-01-01 09:13:50+00:00,93.20459113,446.363866,453.155982,0.069352084,0.003507228
2021-01-01 09:14:00+00:00,93.20459113,446.363866,453.155982,0.069352084,0.003507228
2021-01-01 09:14:10+00:00,93.20459113,446.363866,453.1559821,0.069352084,0.003507228
2021-01-01 09:14:20+00:00,93.20459113,446.363866,453.1559821,0.069352084,0.003507228
2021-01-01 09:14:30+00:00,93.20459113,446.363866,453.1559821,0.069352084,0.003507228
2021-01-01 09:14:40+00:00,93.20459113,446.363866,453.1559822,0.069352084,0.003507228
2021-01-01 09:14:50+00:00,97.52986877,446.363866,453.1559822,0.069352084,0.003507228
2021-01-01 09:15:00+00:00,100.4133872,445.8416759,453.0815394,0.070111598,0.003530373
2021-01-01 09:15:10+00:00,100.4133872,444.882542,452.8770229,0.072274821,0.00362901
2021-01-01 09:15:20+00:00,100.4133872,443.8862945,452.5613915,0.075347974,0.003808777
2021-01-01 09:15:30+00:00,100.4133872,442.9750649,452.1754046,0.078635567,0.004035467
2021-01-01 09:15:40+00:00,100.4133872,442.1991873,451.7574897,0.081770365,0.004279978
2021-01-01 09:15:50+00:00,100.4133872,441.5744874,451.3384883,0.084554002,0.004522403
2021-01-01 09:16:00+00:00,100.4133872,441.0995901,450.9413119,0.086882528,0.004748858
2021-01-01 09:16:10+00:00,100.4133872,440.7638073,450.5816864,0.088712227,0.004949621
2021-01-01 09:16:20+00:00,100.4133872,440.5509093,450.2691354,0.090042887,0.005118424
2021-01-01 09:16:30+00:00,100.4133872,440.4412192,450.0079885,0.090907926,0.005252198
2021-01-01 09:16:40+00:00,100.4133872,440.4131404,449.7983633,0.091366457,0.005350857
2021-01-01 09:16:50+00:00,100.4133872,440.4445823,449.6371199,0.091495201,0.005416937
2021-01-01 09:17:00+00:00,100.4133872,440.5144075,449.5188052,0.091379692,0.005454995
2021-01-01 09:17:10+00:00,100.4133872,440.6037949,449.4365578,0.091105376,0.005470861
2021-01-01 09:17:20+00:00,100.4133872,440.6973349,449.3829468,0.090749662,0.005470814
2021-01-01 09:17:30+00:00,100.4133872,440.7836749,449.3506923,0.090376021,0.005460831
2021-01-01 09:17:40+00:00,100.4133872,440.85563,449.3332191,0.090030851,0.005446029
2021-01-01 09:17:50+00:00,100.4133872,440.9097973,449.3250156,0.089743133,0.005430337
2021-01-01 09:18:00+00:00,100.4133872,440.9458181,449.3217973,0.089526337,0.005416419
2021-01-01 09:18:10+00:00,100.4133872,440.9654803,449.3205048,0.089381705,0.005405779
2021-01-01 09:18:20+00:00,100.4133872,440.9718265,449.3191801,0.089302042,0.005398966
2021-01-01 09:18:30+00:00,100.4133872,440.9684012,449.3167671,0.089275283,0.005395857
2021-01-01 09:18:40+00:00,100.4133872,440.9586849,449.3128903,0.089287448,0.00539589
2021-01-01 09:18:50+00:00,100.4133872,440.9457255,449.3076346,0.089324828,0.005398288
2021-01-01 09:19:00+00:00,100.4133872,440.9319439,449.3013539,0.089375394,0.00540223
2021-01-01 09:19:10+00:00,100.4133872,440.9190764,449.2945197,0.089429552,0.005406957
2021-01-01 09:19:20+00:00,100.4133872,440.9082064,449.2876118,0.089480379,0.005411837
2021-01-01 09:19:30+00:00,100.4133872,440.8998584,449.2810443,0.089523518,0.005416402
2021-01-01 09:19:40+00:00,100.4133872,440.894123,449.2751277,0.089556808,0.005420347
2021-01-01 09:19:50+00:00,100.4133872,440.8907851,449.2700582,0.089579814,0.005423512
2021-01-01 09:20:00+00:00,100.4133872,440.8894424,449.2659217,0.089593333,0.005425862
2021-01-01 09:20:10+00:00,100.4133872,440.8896076,449.2627126,0.089598918,0.005427447
2021-01-01 09:20:20+00:00,100.4133872,440.8907865,449.2603569,0.089598482,0.005428372
2021-01-01 09:20:30+00:00,100.4133872,440.8925318,449.2587346,0.089593977,0.00542878
2021-01-01 09:20:40+00:00,100.4133872,440.894479,449.2577037,0.089587168,0.005428819
2021-01-01 09:20:50+00:00,100.4133872,440.8963568,449.2571223,0.089579507,0.005428614
2021-01-01 09:21:00+00:00,100.4133872,440.8979861,449.2568577,0.089572082,0.005428273
2021-01-01 09:21:10+00:00,100.4133872,440.8992707,449.2567922,0.089565615,0.005427896
2021-01-01 09:21:20+00:00,100.4133872,440.900182,449.2568332,0.089560496,0.005427546
2021-01-01 09:21:30+00:00,100.4133872,440.9007405,449.2569137,0.089556846,0.00542726
2021-01-01 09:21:40+00:00,100.4133872,440.9009981,449.2569887,0.089554592,0.005427053
2021-01-01 09:21:50+00:00,100.4133872,440.9010224,449.2570327,0.089553532,0.005426929
2021-01-01 09:22:00+00:00,100.4133872,440.9008827,449.2570355,0.089553408,0.00542688
2021-01-01 09:22:10+00:00,100.4133872,440.9006464,449.2569962,0.089553938,0.005426891
2021-01-01 09:22:20+00:00,100.4133872,440.9003703,449.2569213,0.089554856,0.005426945
2021-01-01 09:22:30+00:00,100.4133872,440.9000975,449.2568225,0.089555933,0.005427025
2021-01-01 09:22:40+00:00,100.4133872,440.8998528,449.2567094,0.089557024,0.005427118
2021-01-01 09:22:50+00:00,100.4133872,440.8996564,449.2565943,0.089557993,0.005427208
2021-01-01 09:23:00+00:00,100.4133872,440.8995153,449.2564863,0.089558765,0.005427289
2021-01-01 09:23:10+00:00,100.4133872,440.8994239,449.2563904,0.089559333,0.005427356
2021-01-01 09:23:20+00:00,100.4133872,440.8993753,449.2563098,0.089559707,0.005427409
2021-01-01 09:23:30+00:00,100.4133872,440.8993618,449.2562452,0.089559908,0.005427446
2021-01-01 09:23:40+00:00,100.4133872,440.8993748,449.2561962,0.089559966,0.005427469
2021-01-01 09:23:50+00:00,100.4133872,440.8994054,449.2561617,0.089559917,0.005427482
2021-01-01 09:24:00+00:00,100.4133872,440.8994451,449.2561398,0.089559796,0.005427485
2021-01-01 09:24:10+00:00,100.4133872,440.899488,449.2561282,0.089559633,0.005427481
2021-01-01 09:24:20+00:00,100.4133872,440.8995291,449.2561246,0.089559456,0.005427473
2021-01-01 09:24:30+00:00,100.4133872,440.8995634,449.256126,0.089559291,0.005427462
2021-01-01 09:24:40+00:00,100.4133872,440.8995889,449.2561301,0.089559155,0.005427453
2021-01-01 09:24:50+00:00,100.4133872,440.8996053,449.2561352,0.089559053,0.005427444
2021-01-01 09:25:00+00:00,100.4133872,440.8996132,449.2561397,0.08955899,0.005427438
2021-01-01 09:25:10+00:00,100.4133872,440.8996145,449.256143,0.08955896,0.005427434
2021-01-01 09:25:20+00:00,100.4133872,440.899611,449.2561448,0.089558955,0.005427432
2021-01-01 09:25:30+00:00,100.4133872,440.8996047,449.2561451,0.08955897,0.005427432
2021-01-01 09:25:40+00:00,100.4133872,440.8995971,449.2561442,0.089558995,0.005427433
2021-01-01 09:25:50+00:00,100.4133872,440.8995893,449.2561423,0.089559027,0.005427435
2021-01-01 09:26:00+00:00,100.4133872,440.8995819,449.2561398,0.08955906,0.005427438
2021-01-01 09:26:10+00:00,100.4133872,440.8995763,449.2561372,0.089559089,0.00542744
2021-01-01 09:26:20+00:00,100.4133872,440.8995719,449.2561344,0.089559113,0.005427443
2021-01-01 09:26:30+00:00,100.4133872,440.8995692,449.2561319,0.089559131,0.005427445
2021-01-01 09:26:40+00:00,100.4133872,440.8995683,449.2561298,0.089559141,0.005427446
2021-01-01 09:26:50+00:00,100.4133872,440.8995687,449.2561281,0.089559144,0.005427447
2021-01-01 09:27:00+00:00,100.4133872,440.8995699,449.256127,0.089559143,0.005427448
2021-01-01 09:27:10+00:00,100.4133872,440.899572,449.2561263,0.089559136,0.005427447
2021-01-01 09:27:20+00:00,100.4133872,440.8995743,449.256126,0.089559128,0.005427447
2021-01-01 09:27:30+00:00,100.4133872,440.8995765,449.2561262,0.089559117,0.005427446
2021-01-01 09:27:40+00:00,100.4133872,440.8995784,449.2561266,0.089559108,0.005427446
2021-01-01 09:27:50+00:00,100.4133872,440.89958,449.2561272,0.089559099,0.005427445
2021-01-01 09:28:00+00:00,100.4133872,440.8995811,449.2561277,0.089559092,0.005427444
2021-01-01 09:28:10+00:00,100.4133872,440.8995816,449.2561283,0.089559088,0.005427444
2021-01-01 09:28:20+00:00,100.4133872,440.8995817,449.2561287,0.089559085,0.005427444
2021-01-01 09:28:30+00:00,100.4133872,440.8995814,449.256129,0.089559086,0.005427443
2021-01-01 09:28:40+00:00,100.4133872,440.8995807,449.2561292,0.089559087,0.005427443
2021-01-01 09:28:50+00:00,100.4133872,440.8995799,449.2561292,0.08955909,0.005427444
2021-01-01 09:29:00+00:00,100.4133872,440.8995792,449.2561293,0.089559092,0.005427444
2021-01-01 09:29:10+00:00,100.4133872,440.8995787,449.2561293,0.089559093,0.005427444
2021-01-01 09:29:20+00:00,100.4133872,440.8995782,449.2561292,0.089559096,0.005427444
2021-01-01 09:29:30+00:00,100.4133872,440.8995777,449.2561291,0.089559098,0.005427444
2021-01-01 09:29:40+00:00,100.4133872,440.8995772,449.2561288,0.089559101,0.005427444
2021-01-01 09:29:50+00:00,100.4133872,440.8995768,449.2561286,0.089559104,0.005427444
2021-01-01 09:30:00+00:00,100.4133872,440.8995766,449.2561284,0.089559105,0.005427445
2021-01-01 09:30:10+00:00,100.4133872,440.8995764,449.2561283,0.089559106,0.005427445
2021-01-01 09:30:20+00:00,100.4133872,440.8995764,449.2561281,0.089559107,0.005427445
2021-01-01 09:30:30+00:00,100.4133872,440.8995765,449.256128,0.089559107,0.005427445
2021-01-01 09:30:40+00:00,100.4133872,440.8995766,449.2561279,0.089559107,0.005427445
2021-01-01 09:30:50+00:00,100.4133872,440.8995766,449.2561278,0.089559107,0.005427445
2021-01-01 09:31:00+00:00,100.4133872,440.8995767,449.2561277,0.089559107,0.005427445
2021-01-01 09:31:10+00:00,100.4133872,440.8995769,449.2561276,0.089559107,0.005427445
2021-01-01 09:31:20+00:00,100.4133872,440.8995771,449.2561276,0.089559106,0.005427445
2021-01-01 09:31:30+00:00,100.4133872,440.8995773,449.2561276,0.089559106,0.005427445
2021-01-01 09:31:40+00:00,98.48442172,440.8995773,449.2561276,0.089559105,0.005427445
2021-01-01 09:31:50+00:00,96.55545623,441.1271728,449.2913347,0.08920037,0.005415004
2021-01-01 09:32:00+00:00,96.55545623,441.6474042,449.3983123,0.087961552,0.005353581
2021-01-01 09:32:10+00:00,96.55545623,442.2420183,449.5707112,0.085960754,0.005226055
2021-01-01 09:32:20+00:00,96.55545623,442.8133779,449.7885141,0.083712963,0.005056067
2021-01-01 09:32:30+00:00,96.55545623,443.2953053,450.0269956,0.081611089,0.004875388
2021-01-01 09:32:40+00:00,96.55545623,443.6565195,450.2636692,0.079889854,0.004709004
2021-01-01 09:32:50+00:00,96.55545623,443.895532,450.4817737,0.078634635,0.004571148
2021-01-01 09:33:00+00:00,96.55545623,444.0300295,450.6712715,0.077823284,0.004466332
2021-01-01 09:33:10+00:00,96.55545623,444.0858629,450.828119,0.077376113,0.004392521
2021-01-01 09:33:20+00:00,96.55545623,444.0890662,450.9527069,0.077195664,0.004344395
2021-01-01 09:33:30+00:00,96.55545623,444.061594,451.0481932,0.077190666,0.004315727
2021-01-01 09:33:40+00:00,96.55545623,444.0198854,451.1191077,0.077286853,0.004300723
2021-01-01 09:33:50+00:00,96.55545623,443.9750631,451.1703515,0.07742951,0.0042946
2021-01-01 09:34:00+00:00,96.55545623,443.9338473,451.2065594,0.077581807,0.004293724
2021-01-01 09:34:10+00:00,96.55545623,443.8996532,451.2317566,0.077721478,0.004295507
2021-01-01 09:34:20+00:00,96.55545623,443.87361,451.2492192,0.077837178,0.004298233
2021-01-01 09:34:30+00:00,96.55545623,443.8554037,451.2614654,0.077925173,0.004300879
2021-01-01 09:34:40+00:00,96.55545623,443.8439241,451.2703325,0.077986562,0.004302914
2021-01-01 09:34:50+00:00,96.55545623,443.8377285,451.2770896,0.078025131,0.004304145
2021-01-01 09:35:00+00:00,96.55545623,443.8353486,451.2825607,0.078045799,0.004304593
2021-01-01 09:35:10+00:00,96.55545623,443.8354735,451.2872423,0.07805357,0.004304395
2021-01-01 09:35:20+00:00,96.55545623,443.8370405,451.2914057,0.078052903,0.004303732
2021-01-01 09:35:30+00:00,96.55545623,443.8392575,451.2951794,0.078047406,0.004302785
2021-01-01 09:35:40+00:00,96.55545623,443.8415836,451.2986102,0.07803977,0.004301712
2021-01-01 09:35:50+00:00,96.55545623,443.8436914,451.3017044,0.078031816,0.004300634
2021-01-01 09:36:00+00:00,96.55545623,443.8454188,451.3044546,0.078024638,0.004299632
2021-01-01 09:36:10+00:00,96.55545623,443.8467185,451.3068582,0.078018768,0.004298754
2021-01-01 09:36:20+00:00,96.55545623,443.8476136,451.3089228,0.078014361,0.004298018
2021-01-01 09:36:30+00:00,96.55545623,443.848165,451.310665,0.07801134,0.004297427
2021-01-01 09:36:40+00:00,96.55545623,443.8484498,451.3121108,0.078009488,0.004296969
2021-01-01 09:36:50+00:00,96.55545623,443.8485456,451.3132929,0.078008538,0.004296625
2021-01-01 09:37:00+00:00,96.55545623,443.8485199,451.3142471,0.078008227,0.004296372
2021-01-01 09:37:10+00:00,96.55545623,443.8484267,451.3150096,0.078008326,0.004296189
2021-01-01 09:37:20+00:00,96.55545623,443.848305,451.3156135,0.078008651,0.00429606
2021-01-01 09:37:30+00:00,96.55545623,443.8481812,451.316089,0.078009071,0.004295973
2021-01-01 09:37:40+00:00,96.55545623,443.8480711,451.3164632,0.078009494,0.004295911
2021-01-01 09:37:50+00:00,96.55545623,443.8479824,451.3167585,0.078009869,0.004295866
2021-01-01 09:38:00+00:00,96.55545623,443.8479166,451.3169924,0.078010171,0.004295831
2021-01-01 09:38:10+00:00,96.55545623,443.8478719,451.317179,0.078010394,0.004295802
2021-01-01 09:38:20+00:00,96.55545623,443.8478449,451.3173291,0.078010546,0.004295779
2021-01-01 09:38:30+00:00,96.55545623,443.8478314,451.3174509,0.078010637,0.004295759
2021-01-01 09:38:40+00:00,96.55545623,443.8478277,451.3175505,0.078010681,0.004295741
2021-01-01 09:38:50+00:00,96.55545623,443.84783,451.3176328,0.078010694,0.004295725
2021-01-01 09:39:00+00:00,96.55545623,443.8478356,451.3177008,0.078010686,0.004295711
2021-01-01 09:39:10+00:00,96.55545623,443.8478428,451.3177569,0.078010666,0.004295699
2021-01-01 09:39:20+00:00,96.55545623,443.8478501,451.3178042,0.07801064,0.004295688
2021-01-01 09:39:30+00:00,96.55545623,443.8478566,451.3178444,0.078010613,0.004295675
2021-01-01 09:39:40+00:00,96.55545623,443.8478615,451.3178779,0.078010591,0.004295665
2021-01-01 09:39:50+00:00,96.55545623,443.8478651,451.3179059,0.078010574,0.004295658
2021-01-01 09:40:00+00:00,96.55545623,443.8478675,451.3179291,0.078010561,0.004295652
2021-01-01 09:40:10+00:00,96.55545623,443.8478689,451.3179483,0.078010553,0.004295647
2021-01-01 09:40:20+00:00,96.55545623,443.8478694,451.3179639,0.078010549,0.004295643
2021-01-01 09:40:30+00:00,96.55545623,443.8478694,451.3179767,0.078010547,0.00429564
2021-01-01 09:40:40+00:00,96.55545623,443.8478691,451.3179871,0.078010547,0.004295637
2021-01-01 09:40:50+00:00,96.55545623,443.8478684,451.3179949,0.078010549,0.004295636
2021-01-01 09:41:00+00:00,96.55545623,443.8478675,451.3180009,0.078010552,0.004295635
2021-01-01 09:41:10+00:00,96.55545623,443.8478666,451.3180056,0.078010555,0.004295634
2021-01-01 09:41:20+00:00,96.55545623,443.8478658,451.3180091,0.078010558,0.004295633
2021-01-01 09:41:30+00:00,96.55545623,443.8478651,451.3180115,0.078010562,0.004295632
2021-01-01 09:41:40+00:00,96.55545623,443.8478645,451.3180135,0.078010564,0.004295632
2021-01-01 09:41:50+00:00,96.55545623,443.8478643,451.3180153,0.078010566,0.004295632
2021-01-01 09:42:00+00:00,96.55545623,443.8478642,451.3180167,0.078010567,0.004295632
2021-01-01 09:42:10+00:00,96.55545623,443.8478642,451.3180177,0.078010567,0.004295631
2021-01-01 09:42:20+00:00,96.55545623,443.8478644,451.3180188,0.078010567,0.004295631
2021-01-01 09:42:30+00:00,96.55545623,443.8478646,451.3180201,0.078010566,0.004295631
2021-01-01 09:42:40+00:00,96.55545623,443.8478649,451.3180211,0.078010565,0.004295631
2021-01-01 09:42:50+00:00,96.55545623,443.8478653,451.3180218,0.078010564,0.00429563
2021-01-01 09:43:00+00:00,96.55545623,443.8478657,451.3180227,0.078010562,0.00429563
2021-01-01 09:43:10+00:00,96.55545623,443.8478659,451.3180234,0.078010561,0.00429563
2021-01-01 09:43:20+00:00,96.55545623,443.8478661,451.318024,0.078010559,0.00429563
2021-01-01 09:43:30+00:00,96.55545623,443.8478663,451.3180245,0.078010559,0.00429563
2021-01-01 09:43:40+00:00,96.55545623,443.8478665,451.318025,0.078010559,0.004295629
2021-01-01 09:43:50+00:00,96.55545623,443.8478665,451.3180255,0.078010558,0.004295629
2021-01-01 09:44:00+00:00,96.55545623,443.8478665,451.318026,0.078010558,0.004295629
2021-01-01 09:44:10+00:00,96.55545623,443.8478665,451.3180264,0.078010558,0.004295629
2021-01-01 09:44:20+00:00,96.55545623,443.8478665,451.3180267,0.078010557,0.004295629
2021-01-01 09:44:30+00:00,96.55545623,443.8478665,451.318027,0.078010557,0.004295629
2021-01-01 09:44:40+00:00,96.55545623,443.8478665,451.3180272,0.078010558,0.004295629
2021-01-01 09:44:50+00:00,96.55545623,443.8478664,451.3180276,0.078010558,0.004295629
2021-01-01 09:45:00+00:00,96.55545623,443.8478663,451.3180279,0.078010558,0.004295629
2021-01-01 09:45:10+00:00,96.55545623,443.8478663,451.3180279,0.078010558,0.004295629
2021-01-01 09:45:20+00:00,96.55545623,443.8478662,451.3180279,0.078010558,0.004295629
2021-01-01 09:45:30+00:00,96.55545623,443.8478661,451.3180279,0.078010559,0.004295629
2021-01-01 09:45:40+00:00,96.55545623,443.8478661,451.3180279,0.078010559,0.004295629
2021-01-01 09:45:50+00:00,96.55545623,443.847866,451.3180279,0.078010559,0.004295629
2021-01-01 09:46:00+00:00,96.55545623,443.847866,451.3180279,0.078010559,0.004295629
2021-01-01 09:46:10+00:00,96.55545623,443.847866,451.3180279,0.078010559,0.004295629
2021-01-01 09:46:20+00:00,96.55545623,443.847866,451.3180279,0.078010559,0.004295629
2021-01-01 09:46:30+00:00,96.55545623,443.847866,451.3180279,0.078010559,0.004295629
2021-01-01 09:46:40+00:00,96.55545623,443.847866,451.3180279,0.078010559,0.004295629
2021-01-01 09:46:50+00:00,96.55545623,443.847866,451.3180279,0.078010559,0.004295629
2021-01-01 09:47:00+00:00,96.55545623,443.847866,451.3180279,0.078010559,0.004295629
2021-01-01 09:47:10+00:00,96.55545623,443.847866,451.3180279,0.078010559,0.004295629
2021-01-01 09:47:20+00:00,96.55545623,443.847866,451.3180279,0.078010559,0.004295629
2021-01-01 09:47:30+00:00,96.55545623,443.8478659,451.3180279,0.078010559,0.004295629
2021-01-01 09:47:40+00:00,96.55545623,443.8478659,451.3180279,0.078010559,0.004295629
2021-01-01 09:47:50+00:00,96.55545623,443.8478659,451.3180279,0.078010559,0.004295629
2021-01-01 09:48:00+00:00,96.55545623,443.8478659,451.3180279,0.078010559,0.004295629
2021-01-01 09:48:10+00:00,96.55545623,443.8478659,451.3180279,0.07801056,0.004295629
2021-01-01 09:48:20+00:00,96.55545623,443.8478659,451.3180279,0.07801056,0.004295629
